clase,stel_sku,stel_nombre,canonico_sku,canonico_nombre,marca,duplicados_del_mismo_canonico,ficha_stel,ficha_canonico,docs_stel,movimientos_stel,stock_stel,decision_propuesta,motivo
"PAR_1_A_1","B2036LA-2","DUROFIX Bateria 20V 4 Ah Cod. B2036LA-2","DU.B2036LA-2","DUROFIX B2036LA-2 - Batería Li-Ion","DUROFIX","1","0","6","4","0","sin saldo registrado","retirar el de STEL","el técnico tiene la ficha; el de STEL tiene 4 documento(s) y hay que conservarlos"
"PAR_1_A_1","FM.REP.BC12_ST","FIAM ARM BC12 SISTEMA TELESCOPICO","FI.BC12","FIAM ARM BC12 BRAZO DE REACCION Cod.692031031","FIAM","1","1","3","1","0","sin saldo registrado","retirar el de STEL","el técnico tiene la ficha; el de STEL tiene 1 documento(s) y hay que conservarlos"
"GRUPO_MUCHOS_A_UNO","PRO00209","ESTIC EH2-R2120-S PULSE TOOLS (FOR HARD JOINTS)","ET.EH2-R2120-S","ESTIC EH2-R2120-S STRAIGHT TOOL 120NM","ESTIC","3","1","3","0","0","sin saldo registrado","NO APLICAR - revisar a mano","3 productos distintos apuntan al mismo canonico: casi seguro son piezas o accesorios que nombran su maquina"
"PAR_1_A_1","PRO00237","GEDORE TSN25A DE 3-25 NM","GE.TSN25A","GEDORE TSN25A - LLAVE DINAMOMÉTRICA 3-25 Nm 3/8""","GEDORE","1","1","8","4","1","1","revisar: tiene stock","el técnico tiene la ficha, pero el de STEL tiene SALDO de stock"
"PAR_1_A_1","PRO00238","GEDORE TSN55A DE 15-55 NM","GE.TSN55A","GEDORE TSN55A - LLAVE DINAMOMÉTRICA 15-55 Nm 3/8""","GEDORE","1","1","8","6","1","1","revisar: tiene stock","el técnico tiene la ficha, pero el de STEL tiene SALDO de stock"
"PAR_1_A_1","PRO00247","ESTIC EH2-CVS05-SS Cable 5 Mtrs","ET.EH2-CVS05-SS","ESTIC EH2-CVS05-SS TOOL CABLE 5M","ESTIC","1","1","3","3","0","sin saldo registrado","retirar el de STEL","el técnico tiene la ficha; el de STEL tiene 3 documento(s) y hay que conservarlos"
"PAR_1_A_1","PRO00249","APEX EX-508-18","AP.EX-508-18","APEX EX-508-18 EXTENSION","APEX","1","1","9","0","0","sin saldo registrado","retirar el de STEL","el técnico tiene la ficha y el de STEL no tiene historia ni stock"
"PAR_1_A_1","PRO00331","INGERSOLL RAND BC1121-EU CARGADOR PARA BATERIAS 20V","IR.BC1121-EU","INGERSOLL RAND BC1121-EU CHARGER, 12V/20V, EU","INGERSOLL RAND","1","1","3","1","0","sin saldo registrado","retirar el de STEL","el técnico tiene la ficha; el de STEL tiene 1 documento(s) y hay que conservarlos"
"PAR_1_A_1","PRO00334","INGERSOLL RAND QXX2PT500NPS12 PISTOLA A BATERIA 500NM","IR.QXX2PT500NPS12","INGERSOLL RAND QXX2PT500NPS12 500NM QX PISTOL, 3/4"" SQ. WIRELESS","INGERSOLL RAND","1","1","3","0","0","sin saldo registrado","retirar el de STEL","el técnico tiene la ficha y el de STEL no tiene historia ni stock"
"PAR_1_A_1","PRO00336","INGERSOLL RAND QXX5A45T0270PS12 ANGULAR A BATERIA 271NM","IR.QXX5A45T0270PS12","INGERSOLL RAND QXX5A45T0270PS12 QX WIRELESS 40V 60NM MULTIPLIED 270 NM","INGERSOLL RAND","1","1","3","0","0","sin saldo registrado","retirar el de STEL","el técnico tiene la ficha y el de STEL no tiene historia ni stock"
"PAR_1_A_1","PRO00337","INGERSOLL RAND QXX2PT04PQ4 PISTOLA A BATERIA 4.0NM","IR.QXX2PT04PQ4","INGERSOLL RAND QXX2PT04PQ4 4NM PISTOL, QUICK CHANGE, WIRELESS","INGERSOLL RAND","1","1","3","0","0","sin saldo registrado","retirar el de STEL","el técnico tiene la ficha y el de STEL no tiene historia ni stock"
"PAR_1_A_1","PRO00338","INGERSOLL RAND QXX2PT18PQ4 PISTOLA A BATERIA 18NM","IR.QXX2PT18PQ4","INGERSOLL RAND QXX2PT18PQ4 18NM PISTOL, QUICK CHANGE, WIRELESS","INGERSOLL RAND","1","1","3","0","0","sin saldo registrado","retirar el de STEL","el técnico tiene la ficha y el de STEL no tiene historia ni stock"
"PAR_1_A_1","PRO00340","INGERSOLL RAND QXC2PT200NPS12 PISTOLA A BATERIA 148NM","IR.QXC2PT200NPS12","INGERSOLL RAND QXC2PT200NPS12 200NM QX PISTOL, 3/4"" SQ. USB ONLY","INGERSOLL RAND","1","1","3","0","0","sin saldo registrado","retirar el de STEL","el técnico tiene la ficha y el de STEL no tiene historia ni stock"
"PAR_1_A_1","PRO00406","APEX 3156mm / 315-6MM Allen 6MM 5/16","AP.315-6MM","APEX 315-6MM EMBOCADURA","APEX","1","1","9","0","0","sin saldo registrado","retirar el de STEL","el técnico tiene la ficha y el de STEL no tiene historia ni stock"
"GRUPO_MUCHOS_A_UNO","PRO00411","RIVIT RIV504 JAWS (x3pz) Cod.1249200 (**) Pos.6 Morsetti / Muelas","RV.RIV504","RIVIT RIV504 REMACHADORA HIDRONEUMATICA HASTA D 6,4 mm  - 4035800","RIVIT","94","1","3","0","0","sin saldo registrado","NO APLICAR - revisar a mano","94 productos distintos apuntan al mismo canonico: casi seguro son piezas o accesorios que nombran su maquina"
"GRUPO_MUCHOS_A_UNO","PRO00433","TOHNICHI CEM50N3X12D-G","TC.CEM50N3X12D-G","TOHNICHI CEM50N3X12D-G DIGITAL TORQUE WRENCH","TOHNICHI","2","1","3","0","0","sin saldo registrado","NO APLICAR - revisar a mano","2 productos distintos apuntan al mismo canonico: casi seguro son piezas o accesorios que nombran su maquina"
"PAR_1_A_1","PRO00434","TOHNICHI CEM100N3X15D-G","TC.CEM100N3X15D-G","TOHNICHI CEM100N3X15D-G DIGITAL TORQUE WRENCH","TOHNICHI","1","1","3","0","0","sin saldo registrado","retirar el de STEL","el técnico tiene la ficha y el de STEL no tiene historia ni stock"
"GRUPO_MUCHOS_A_UNO","PRO00435","TOHNICHI CEM200N3X19D-G","TC.CEM200N3X19D-G","TOHNICHI CEM200N3X19D-G DIGITAL TORQUE WRENCH","TOHNICHI","2","1","3","0","0","sin saldo registrado","NO APLICAR - revisar a mano","2 productos distintos apuntan al mismo canonico: casi seguro son piezas o accesorios que nombran su maquina"
"GRUPO_MUCHOS_A_UNO","PRO00436","TOHNICHI CEM850N3X32D-G","TC.CEM850N3X32D-G","TOHNICHI CEM850N3X32D-G DIGITAL TORQUE WRENCH","TOHNICHI","2","1","3","0","0","sin saldo registrado","NO APLICAR - revisar a mano","2 productos distintos apuntan al mismo canonico: casi seguro son piezas o accesorios que nombran su maquina"
"GRUPO_MUCHOS_A_UNO","PRO03661","TOHNICHI CEM50N3X12D-G","TC.CEM50N3X12D-G","TOHNICHI CEM50N3X12D-G DIGITAL TORQUE WRENCH","TOHNICHI","2","1","3","0","0","sin saldo registrado","NO APLICAR - revisar a mano","2 productos distintos apuntan al mismo canonico: casi seguro son piezas o accesorios que nombran su maquina"
"GRUPO_MUCHOS_A_UNO","PRO03663","TOHNICHI CEM200N3X19D-G","TC.CEM200N3X19D-G","TOHNICHI CEM200N3X19D-G DIGITAL TORQUE WRENCH","TOHNICHI","2","1","3","0","0","sin saldo registrado","NO APLICAR - revisar a mano","2 productos distintos apuntan al mismo canonico: casi seguro son piezas o accesorios que nombran su maquina"
"GRUPO_MUCHOS_A_UNO","PRO03664","TOHNICHI CEM850N3X32D-G","TC.CEM850N3X32D-G","TOHNICHI CEM850N3X32D-G DIGITAL TORQUE WRENCH","TOHNICHI","2","1","3","0","0","sin saldo registrado","NO APLICAR - revisar a mano","2 productos distintos apuntan al mismo canonico: casi seguro son piezas o accesorios que nombran su maquina"
"PAR_1_A_1","PRO03895","ESTIC EH2-R1016-S Recta de 4 a 16NM","ET.EH2-R1016-S","ESTIC EH2-R1016-S STRAIGHT TOOL 16NM","ESTIC","1","1","3","0","0","sin saldo registrado","retirar el de STEL","el técnico tiene la ficha y el de STEL no tiene historia ni stock"
"PAR_1_A_1","PRO03901","TOHNICHI PCL25Nx10D 5 - 25NM","TC.PCL25NX10D","TOHNICHI PCL25NX10D TORQUE WRENCH","TOHNICHI","1","1","3","0","0","sin saldo registrado","retirar el de STEL","el técnico tiene la ficha y el de STEL no tiene historia ni stock"
"PAR_1_A_1","PRO03921","APEX 30MM15-D Apex 30mm 12-Point Metric Standard Socket, 1/2'' Square Drive","AP.30MM15D","APEX 30MM15-D EMBOCADURA","APEX","1","1","7","0","0","sin saldo registrado","retirar el de STEL","el técnico tiene la ficha y el de STEL no tiene historia ni stock"
"PAR_1_A_1","PRO04059","TOHNICHI SH8DX17 CABEZA 17MM","TC.SH8DX17","TOHNICHI SH8DX17 OPEN END HEAD","TOHNICHI","1","1","3","0","0","sin saldo registrado","retirar el de STEL","el técnico tiene la ficha y el de STEL no tiene historia ni stock"
"GRUPO_MUCHOS_A_UNO","PRO04060","TOHNICHI CSPMS12N4X8D","TC.CSPMS12N4X8D","TOHNICHI CSPMS12N4X8D TORQUE WRENCH","TOHNICHI","2","1","3","0","0","sin saldo registrado","NO APLICAR - revisar a mano","2 productos distintos apuntan al mismo canonico: casi seguro son piezas o accesorios que nombran su maquina"
"GRUPO_MUCHOS_A_UNO","PRO04587","APEX QR308 ADAPTADOR RETRACTIL 3/8 CUADRADO A 1/4 HEXAGONAL","AP.QR-308","APEX QR-308 PUNTA","APEX","2","1","9","1","0","sin saldo registrado","NO APLICAR - revisar a mano","2 productos distintos apuntan al mismo canonico: casi seguro son piezas o accesorios que nombran su maquina"
"PAR_1_A_1","PRO04635","TOHNICHI CEM10N3X8D-G Torquimetro Digital","TC.CEM10N3X8D-G","TOHNICHI CEM10N3X8D-G DIGITAL TORQUE WRENCH","TOHNICHI","1","1","3","0","0","sin saldo registrado","retirar el de STEL","el técnico tiene la ficha y el de STEL no tiene historia ni stock"
"PAR_1_A_1","PRO04638","INGERSOLL RAND QXC2PT500NPS12 PISTOLA A BATERIA 500NM","IR.QXC2PT500NPS12","INGERSOLL RAND QXC2PT500NPS12 500NM QX PISTOL, 3/4"" SQ. USB ONLY","INGERSOLL RAND","1","1","3","0","0","sin saldo registrado","retirar el de STEL","el técnico tiene la ficha y el de STEL no tiene historia ni stock"
"PAR_1_A_1","PRO04779","TORERO OBN-30PD PISTOLA DE 6 A 14 NM ENCASTRE 3/8"" SQ","TO.OBN-30PD","TORERO OBN-30PD DE 6 NM A 12 NM","TORERO","1","1","10","0","0","sin saldo registrado","retirar el de STEL","el técnico tiene la ficha y el de STEL no tiene historia ni stock"
"PAR_1_A_1","PRO04780","TORERO OBN-50PH PISTOLA DE 18 A 28 NM ENCASTRE 1/4"" HEX","TO.OBN-50PH","TORERO OBN-50PH DE 22 NM A 35 NM","TORERO","1","1","10","3","0","sin saldo registrado","retirar el de STEL","el técnico tiene la ficha; el de STEL tiene 3 documento(s) y hay que conservarlos"
"PAR_1_A_1","PRO04782","TORERO OBN-40PD PISTOLA DE 11 A 20 NM ENCASTRE 3/8"" SQ.","TO.OBN-40PD","TORERO OBN-40PD DE 13 NM A 22 NM","TORERO","1","1","10","0","0","sin saldo registrado","retirar el de STEL","el técnico tiene la ficha y el de STEL no tiene historia ni stock"
"PAR_1_A_1","PRO04783","TORERO OBN-50SD RECTO DE 18 A 25 NM ENCASTRE 3/8"" SQ","TO.OBN-50SD","TORERO OBN-50SD DE 22 NM A 35 NM","TORERO","1","1","10","0","0","sin saldo registrado","retirar el de STEL","el técnico tiene la ficha y el de STEL no tiene historia ni stock"
"PAR_1_A_1","PRO04794","TORERO OBN-50SH RECTO DE 18 A 25 NM","TO.OBN-50SH","TORERO OBN-50SH DE 18 NM A 30 NM","TORERO","1","1","10","0","0","sin saldo registrado","retirar el de STEL","el técnico tiene la ficha y el de STEL no tiene historia ni stock"
"PAR_1_A_1","PRO04796","TORERO LTR-12SH-5 SCREWDRIVER DE 0.5 A 5.0 NM 450RPM","TO.LTR-12SH-5","TORERO LTR-12SH-5 DE 0.4 NM A 5 NM","TORERO","1","1","10","4","1","14","revisar: tiene stock","el técnico tiene la ficha, pero el de STEL tiene SALDO de stock"
"PAR_1_A_1","PRO04873","RIVIT RIV503 JAWS (x3pz) Cod.1250100 Morsetti / Muelas","RV.RIV503","RIVIT.MAQ RIV503 REMACHADORA HIDRONEUMATICA HASTA D 4,8MM - 4035700","RIVIT","1","1","3","0","0","sin saldo registrado","retirar el de STEL","el técnico tiene la ficha y el de STEL no tiene historia ni stock"
"GRUPO_MUCHOS_A_UNO","PRO04979","RIVIT RIV504 Cone holding nosepiece 4133800","RV.RIV504","RIVIT RIV504 REMACHADORA HIDRONEUMATICA HASTA D 6,4 mm  - 4035800","RIVIT","94","1","3","0","0","sin saldo registrado","NO APLICAR - revisar a mano","94 productos distintos apuntan al mismo canonico: casi seguro son piezas o accesorios que nombran su maquina"
"GRUPO_MUCHOS_A_UNO","PRO04980","RIVIT RIV504 Connector 4245500 POS 11","RV.RIV504","RIVIT RIV504 REMACHADORA HIDRONEUMATICA HASTA D 6,4 mm  - 4035800","RIVIT","94","1","3","0","0","sin saldo registrado","NO APLICAR - revisar a mano","94 productos distintos apuntan al mismo canonico: casi seguro son piezas o accesorios que nombran su maquina"
"GRUPO_MUCHOS_A_UNO","PRO04984","RIVIT RIV504 Cone holding nosepiece 4133800","RV.RIV504","RIVIT RIV504 REMACHADORA HIDRONEUMATICA HASTA D 6,4 mm  - 4035800","RIVIT","94","1","3","0","0","sin saldo registrado","NO APLICAR - revisar a mano","94 productos distintos apuntan al mismo canonico: casi seguro son piezas o accesorios que nombran su maquina"
"GRUPO_MUCHOS_A_UNO","PRO04985","RIVIT RIV504 Connector 4245500 POS 11","RV.RIV504","RIVIT RIV504 REMACHADORA HIDRONEUMATICA HASTA D 6,4 mm  - 4035800","RIVIT","94","1","3","0","0","sin saldo registrado","NO APLICAR - revisar a mano","94 productos distintos apuntan al mismo canonico: casi seguro son piezas o accesorios que nombran su maquina"
"GRUPO_MUCHOS_A_UNO","PRO04986","RIVIT RIV504 KIT Kit nails collector 4204200* Pos KIT A","RV.RIV504","RIVIT RIV504 REMACHADORA HIDRONEUMATICA HASTA D 6,4 mm  - 4035800","RIVIT","94","1","3","0","0","sin saldo registrado","NO APLICAR - revisar a mano","94 productos distintos apuntan al mismo canonico: casi seguro son piezas o accesorios que nombran su maquina"
"GRUPO_MUCHOS_A_UNO","PRO04987","RIVIT RIV504 KIT O-ring 4225300 Pos 32","RV.RIV504","RIVIT RIV504 REMACHADORA HIDRONEUMATICA HASTA D 6,4 mm  - 4035800","RIVIT","94","1","3","0","0","sin saldo registrado","NO APLICAR - revisar a mano","94 productos distintos apuntan al mismo canonico: casi seguro son piezas o accesorios que nombran su maquina"
"GRUPO_MUCHOS_A_UNO","PRO04988","RIVIT RIV504 KIT Nails collector 4135900 Pos 33","RV.RIV504","RIVIT RIV504 REMACHADORA HIDRONEUMATICA HASTA D 6,4 mm  - 4035800","RIVIT","94","1","3","0","0","sin saldo registrado","NO APLICAR - revisar a mano","94 productos distintos apuntan al mismo canonico: casi seguro son piezas o accesorios que nombran su maquina"
"GRUPO_MUCHOS_A_UNO","PRO04989","RIVIT RIV504 KIT Nails collector body 4136000 Pos 34","RV.RIV504","RIVIT RIV504 REMACHADORA HIDRONEUMATICA HASTA D 6,4 mm  - 4035800","RIVIT","94","1","3","0","0","sin saldo registrado","NO APLICAR - revisar a mano","94 productos distintos apuntan al mismo canonico: casi seguro son piezas o accesorios que nombran su maquina"
"GRUPO_MUCHOS_A_UNO","PRO04990","RIVIT RIV504 KIT Silencer 4172900 Pos 36","RV.RIV504","RIVIT RIV504 REMACHADORA HIDRONEUMATICA HASTA D 6,4 mm  - 4035800","RIVIT","94","1","3","0","0","sin saldo registrado","NO APLICAR - revisar a mano","94 productos distintos apuntan al mismo canonico: casi seguro son piezas o accesorios que nombran su maquina"
"GRUPO_MUCHOS_A_UNO","PRO04991","RIVIT RIV504 KIT End collector body 4173300 Pos 37","RV.RIV504","RIVIT RIV504 REMACHADORA HIDRONEUMATICA HASTA D 6,4 mm  - 4035800","RIVIT","94","1","3","0","0","sin saldo registrado","NO APLICAR - revisar a mano","94 productos distintos apuntan al mismo canonico: casi seguro son piezas o accesorios que nombran su maquina"
"GRUPO_MUCHOS_A_UNO","PRO04992","RIVIT RIV504 KIT Kit pneumatic piston 4269100* Pos KIT B","RV.RIV504","RIVIT RIV504 REMACHADORA HIDRONEUMATICA HASTA D 6,4 mm  - 4035800","RIVIT","94","1","3","0","0","sin saldo registrado","NO APLICAR - revisar a mano","94 productos distintos apuntan al mismo canonico: casi seguro son piezas o accesorios que nombran su maquina"
"GRUPO_MUCHOS_A_UNO","PRO04993","RIVIT RIV504 KIT Piston ring 4225700 Pos 74","RV.RIV504","RIVIT RIV504 REMACHADORA HIDRONEUMATICA HASTA D 6,4 mm  - 4035800","RIVIT","94","1","3","0","0","sin saldo registrado","NO APLICAR - revisar a mano","94 productos distintos apuntan al mismo canonico: casi seguro son piezas o accesorios que nombran su maquina"
"GRUPO_MUCHOS_A_UNO","PRO04994","RIVIT RIV504 KIT Oil stem 4265200 Pos 76","RV.RIV504","RIVIT RIV504 REMACHADORA HIDRONEUMATICA HASTA D 6,4 mm  - 4035800","RIVIT","94","1","3","0","0","sin saldo registrado","NO APLICAR - revisar a mano","94 productos distintos apuntan al mismo canonico: casi seguro son piezas o accesorios que nombran su maquina"
"GRUPO_MUCHOS_A_UNO","PRO04995","RIVIT RIV504 KIT Bottom 4265300 Pos 77","RV.RIV504","RIVIT RIV504 REMACHADORA HIDRONEUMATICA HASTA D 6,4 mm  - 4035800","RIVIT","94","1","3","0","0","sin saldo registrado","NO APLICAR - revisar a mano","94 productos distintos apuntan al mismo canonico: casi seguro son piezas o accesorios que nombran su maquina"
"GRUPO_MUCHOS_A_UNO","PRO04996","RIVIT RIV504 KIT O-Ring 4135800 Pos 78","RV.RIV504","RIVIT RIV504 REMACHADORA HIDRONEUMATICA HASTA D 6,4 mm  - 4035800","RIVIT","94","1","3","0","0","sin saldo registrado","NO APLICAR - revisar a mano","94 productos distintos apuntan al mismo canonico: casi seguro son piezas o accesorios que nombran su maquina"
"GRUPO_MUCHOS_A_UNO","PRO04997","RIVIT RIV504 KIT Screw 4265400 Pos 79","RV.RIV504","RIVIT RIV504 REMACHADORA HIDRONEUMATICA HASTA D 6,4 mm  - 4035800","RIVIT","94","1","3","0","0","sin saldo registrado","NO APLICAR - revisar a mano","94 productos distintos apuntan al mismo canonico: casi seguro son piezas o accesorios que nombran su maquina"
"GRUPO_MUCHOS_A_UNO","PRO04998","RIVIT RIV504 KIT O-ring 4265500 Pos 80","RV.RIV504","RIVIT RIV504 REMACHADORA HIDRONEUMATICA HASTA D 6,4 mm  - 4035800","RIVIT","94","1","3","0","0","sin saldo registrado","NO APLICAR - revisar a mano","94 productos distintos apuntan al mismo canonico: casi seguro son piezas o accesorios que nombran su maquina"
"GRUPO_MUCHOS_A_UNO","PRO04999","RIVIT RIV504 O-ring 4169200 Pos 2","RV.RIV504","RIVIT RIV504 REMACHADORA HIDRONEUMATICA HASTA D 6,4 mm  - 4035800","RIVIT","94","1","3","0","0","sin saldo registrado","NO APLICAR - revisar a mano","94 productos distintos apuntan al mismo canonico: casi seguro son piezas o accesorios que nombran su maquina"
"GRUPO_MUCHOS_A_UNO","PRO05000","RIVIT RIV504 Head carrying nosepiece 4133700* Pos 3","RV.RIV504","RIVIT RIV504 REMACHADORA HIDRONEUMATICA HASTA D 6,4 mm  - 4035800","RIVIT","94","1","3","0","0","sin saldo registrado","NO APLICAR - revisar a mano","94 productos distintos apuntan al mismo canonico: casi seguro son piezas o accesorios que nombran su maquina"
"GRUPO_MUCHOS_A_UNO","PRO05001","RIVIT RIV504 O-ring 4172100 Pos 4","RV.RIV504","RIVIT RIV504 REMACHADORA HIDRONEUMATICA HASTA D 6,4 mm  - 4035800","RIVIT","94","1","3","0","0","sin saldo registrado","NO APLICAR - revisar a mano","94 productos distintos apuntan al mismo canonico: casi seguro son piezas o accesorios que nombran su maquina"
"GRUPO_MUCHOS_A_UNO","PRO05002","RIVIT RIV504 Cone holding nosepiece 4133800* Pos 5","RV.RIV504","RIVIT RIV504 REMACHADORA HIDRONEUMATICA HASTA D 6,4 mm  - 4035800","RIVIT","94","1","3","0","0","sin saldo registrado","NO APLICAR - revisar a mano","94 productos distintos apuntan al mismo canonico: casi seguro son piezas o accesorios que nombran su maquina"
"GRUPO_MUCHOS_A_UNO","PRO05004","RIVIT RIV504 Jaws opener 4133900** Pos 7A","RV.RIV504","RIVIT RIV504 REMACHADORA HIDRONEUMATICA HASTA D 6,4 mm  - 4035800","RIVIT","94","1","3","0","0","sin saldo registrado","NO APLICAR - revisar a mano","94 productos distintos apuntan al mismo canonico: casi seguro son piezas o accesorios que nombran su maquina"
"GRUPO_MUCHOS_A_UNO","PRO05005","RIVIT RIV504 Jaws return spring 4134000** Pos 9","RV.RIV504","RIVIT RIV504 REMACHADORA HIDRONEUMATICA HASTA D 6,4 mm  - 4035800","RIVIT","94","1","3","0","0","sin saldo registrado","NO APLICAR - revisar a mano","94 productos distintos apuntan al mismo canonico: casi seguro son piezas o accesorios que nombran su maquina"
"GRUPO_MUCHOS_A_UNO","PRO05006","RIVIT RIV504 O-ring 4172200 Pos 10","RV.RIV504","RIVIT RIV504 REMACHADORA HIDRONEUMATICA HASTA D 6,4 mm  - 4035800","RIVIT","94","1","3","0","0","sin saldo registrado","NO APLICAR - revisar a mano","94 productos distintos apuntan al mismo canonico: casi seguro son piezas o accesorios que nombran su maquina"
"GRUPO_MUCHOS_A_UNO","PRO05007","RIVIT RIV504 Connector 4245500 Pos 11","RV.RIV504","RIVIT RIV504 REMACHADORA HIDRONEUMATICA HASTA D 6,4 mm  - 4035800","RIVIT","94","1","3","0","0","sin saldo registrado","NO APLICAR - revisar a mano","94 productos distintos apuntan al mismo canonico: casi seguro son piezas o accesorios que nombran su maquina"
"GRUPO_MUCHOS_A_UNO","PRO05012","RIVIT RIV504 Intake mandrel 4243400 Pos 16","RV.RIV504","RIVIT RIV504 REMACHADORA HIDRONEUMATICA HASTA D 6,4 mm  - 4035800","RIVIT","94","1","3","0","0","sin saldo registrado","NO APLICAR - revisar a mano","94 productos distintos apuntan al mismo canonico: casi seguro son piezas o accesorios que nombran su maquina"
"GRUPO_MUCHOS_A_UNO","PRO05013","RIVIT RIV504 Spacer 4340900 Pos 17","RV.RIV504","RIVIT RIV504 REMACHADORA HIDRONEUMATICA HASTA D 6,4 mm  - 4035800","RIVIT","94","1","3","0","0","sin saldo registrado","NO APLICAR - revisar a mano","94 productos distintos apuntan al mismo canonico: casi seguro son piezas o accesorios que nombran su maquina"
"GRUPO_MUCHOS_A_UNO","PRO05014","RIVIT RIV504 Gasket 4134100 Pos 18","RV.RIV504","RIVIT RIV504 REMACHADORA HIDRONEUMATICA HASTA D 6,4 mm  - 4035800","RIVIT","94","1","3","0","0","sin saldo registrado","NO APLICAR - revisar a mano","94 productos distintos apuntan al mismo canonico: casi seguro son piezas o accesorios que nombran su maquina"
"GRUPO_MUCHOS_A_UNO","PRO05015","RIVIT RIV504 Head cylinder 4341000 Pos 19","RV.RIV504","RIVIT RIV504 REMACHADORA HIDRONEUMATICA HASTA D 6,4 mm  - 4035800","RIVIT","94","1","3","0","0","sin saldo registrado","NO APLICAR - revisar a mano","94 productos distintos apuntan al mismo canonico: casi seguro son piezas o accesorios que nombran su maquina"
"GRUPO_MUCHOS_A_UNO","PRO05017","RIVIT RIV504 Anti estrusion ring 4134700 Pos 21","RV.RIV504","RIVIT RIV504 REMACHADORA HIDRONEUMATICA HASTA D 6,4 mm  - 4035800","RIVIT","94","1","3","0","0","sin saldo registrado","NO APLICAR - revisar a mano","94 productos distintos apuntan al mismo canonico: casi seguro son piezas o accesorios que nombran su maquina"
"GRUPO_MUCHOS_A_UNO","PRO05019","RIVIT RIV504 Teflon ring 4134900 Pos 23","RV.RIV504","RIVIT RIV504 REMACHADORA HIDRONEUMATICA HASTA D 6,4 mm  - 4035800","RIVIT","94","1","3","0","0","sin saldo registrado","NO APLICAR - revisar a mano","94 productos distintos apuntan al mismo canonico: casi seguro son piezas o accesorios que nombran su maquina"
"GRUPO_MUCHOS_A_UNO","PRO05020","RIVIT RIV504 Piston 4342600 Pos 24A","RV.RIV504","RIVIT RIV504 REMACHADORA HIDRONEUMATICA HASTA D 6,4 mm  - 4035800","RIVIT","94","1","3","0","0","sin saldo registrado","NO APLICAR - revisar a mano","94 productos distintos apuntan al mismo canonico: casi seguro son piezas o accesorios que nombran su maquina"
"GRUPO_MUCHOS_A_UNO","PRO05022","RIVIT RIV504 O-ring 4225000 Pos 26","RV.RIV504","RIVIT RIV504 REMACHADORA HIDRONEUMATICA HASTA D 6,4 mm  - 4035800","RIVIT","94","1","3","0","0","sin saldo registrado","NO APLICAR - revisar a mano","94 productos distintos apuntan al mismo canonico: casi seguro son piezas o accesorios que nombran su maquina"
"GRUPO_MUCHOS_A_UNO","PRO05023","RIVIT RIV504 Gasket 4135000** Pos 27","RV.RIV504","RIVIT RIV504 REMACHADORA HIDRONEUMATICA HASTA D 6,4 mm  - 4035800","RIVIT","94","1","3","0","0","sin saldo registrado","NO APLICAR - revisar a mano","94 productos distintos apuntan al mismo canonico: casi seguro son piezas o accesorios que nombran su maquina"
"GRUPO_MUCHOS_A_UNO","PRO05024","RIVIT RIV504 End plug 4398400 Pos 28A","RV.RIV504","RIVIT RIV504 REMACHADORA HIDRONEUMATICA HASTA D 6,4 mm  - 4035800","RIVIT","94","1","3","0","0","sin saldo registrado","NO APLICAR - revisar a mano","94 productos distintos apuntan al mismo canonico: casi seguro son piezas o accesorios que nombran su maquina"
"GRUPO_MUCHOS_A_UNO","PRO05025","RIVIT RIV504 Stem adaptor 4398500 Pos 30A","RV.RIV504","RIVIT RIV504 REMACHADORA HIDRONEUMATICA HASTA D 6,4 mm  - 4035800","RIVIT","94","1","3","0","0","sin saldo registrado","NO APLICAR - revisar a mano","94 productos distintos apuntan al mismo canonico: casi seguro son piezas o accesorios que nombran su maquina"
"GRUPO_MUCHOS_A_UNO","PRO05026","RIVIT RIV504 O-ring 4225300 Pos 32","RV.RIV504","RIVIT RIV504 REMACHADORA HIDRONEUMATICA HASTA D 6,4 mm  - 4035800","RIVIT","94","1","3","0","0","sin saldo registrado","NO APLICAR - revisar a mano","94 productos distintos apuntan al mismo canonico: casi seguro son piezas o accesorios que nombran su maquina"
"GRUPO_MUCHOS_A_UNO","PRO05027","RIVIT RIV504 Nails collector 4135900 Pos 33","RV.RIV504","RIVIT RIV504 REMACHADORA HIDRONEUMATICA HASTA D 6,4 mm  - 4035800","RIVIT","94","1","3","0","0","sin saldo registrado","NO APLICAR - revisar a mano","94 productos distintos apuntan al mismo canonico: casi seguro son piezas o accesorios que nombran su maquina"
"GRUPO_MUCHOS_A_UNO","PRO05028","RIVIT RIV504 Nails collector body 4136000 Pos 34","RV.RIV504","RIVIT RIV504 REMACHADORA HIDRONEUMATICA HASTA D 6,4 mm  - 4035800","RIVIT","94","1","3","0","0","sin saldo registrado","NO APLICAR - revisar a mano","94 productos distintos apuntan al mismo canonico: casi seguro son piezas o accesorios que nombran su maquina"
"GRUPO_MUCHOS_A_UNO","PRO05029","RIVIT RIV504 Ring nut 4337800 Pos 35","RV.RIV504","RIVIT RIV504 REMACHADORA HIDRONEUMATICA HASTA D 6,4 mm  - 4035800","RIVIT","94","1","3","0","0","sin saldo registrado","NO APLICAR - revisar a mano","94 productos distintos apuntan al mismo canonico: casi seguro son piezas o accesorios que nombran su maquina"
"GRUPO_MUCHOS_A_UNO","PRO05030","RIVIT RIV504 Silencer 4172900 Pos 36","RV.RIV504","RIVIT RIV504 REMACHADORA HIDRONEUMATICA HASTA D 6,4 mm  - 4035800","RIVIT","94","1","3","0","0","sin saldo registrado","NO APLICAR - revisar a mano","94 productos distintos apuntan al mismo canonico: casi seguro son piezas o accesorios que nombran su maquina"
"GRUPO_MUCHOS_A_UNO","PRO05031","RIVIT RIV504 End collector body 4173300 Pos 37","RV.RIV504","RIVIT RIV504 REMACHADORA HIDRONEUMATICA HASTA D 6,4 mm  - 4035800","RIVIT","94","1","3","0","0","sin saldo registrado","NO APLICAR - revisar a mano","94 productos distintos apuntan al mismo canonico: casi seguro son piezas o accesorios que nombran su maquina"
"GRUPO_MUCHOS_A_UNO","PRO05032","RIVIT RIV504 Silencer 4173000 Pos 38","RV.RIV504","RIVIT RIV504 REMACHADORA HIDRONEUMATICA HASTA D 6,4 mm  - 4035800","RIVIT","94","1","3","0","0","sin saldo registrado","NO APLICAR - revisar a mano","94 productos distintos apuntan al mismo canonico: casi seguro son piezas o accesorios que nombran su maquina"
"GRUPO_MUCHOS_A_UNO","PRO05033","RIVIT RIV504 End silencer 4173400 Pos 39","RV.RIV504","RIVIT RIV504 REMACHADORA HIDRONEUMATICA HASTA D 6,4 mm  - 4035800","RIVIT","94","1","3","0","0","sin saldo registrado","NO APLICAR - revisar a mano","94 productos distintos apuntan al mismo canonico: casi seguro son piezas o accesorios que nombran su maquina"
"GRUPO_MUCHOS_A_UNO","PRO05034","RIVIT RIV504 Left handle 4144300 Pos 40","RV.RIV504","RIVIT RIV504 REMACHADORA HIDRONEUMATICA HASTA D 6,4 mm  - 4035800","RIVIT","94","1","3","0","0","sin saldo registrado","NO APLICAR - revisar a mano","94 productos distintos apuntan al mismo canonico: casi seguro son piezas o accesorios que nombran su maquina"
"GRUPO_MUCHOS_A_UNO","PRO05035","RIVIT RIV504 Right handle 4144400 Pos 41","RV.RIV504","RIVIT RIV504 REMACHADORA HIDRONEUMATICA HASTA D 6,4 mm  - 4035800","RIVIT","94","1","3","0","0","sin saldo registrado","NO APLICAR - revisar a mano","94 productos distintos apuntan al mismo canonico: casi seguro son piezas o accesorios que nombran su maquina"
"GRUPO_MUCHOS_A_UNO","PRO05036","RIVIT RIV504 Trigger 4144900* Pos 42","RV.RIV504","RIVIT RIV504 REMACHADORA HIDRONEUMATICA HASTA D 6,4 mm  - 4035800","RIVIT","94","1","3","0","0","sin saldo registrado","NO APLICAR - revisar a mano","94 productos distintos apuntan al mismo canonico: casi seguro son piezas o accesorios que nombran su maquina"
"GRUPO_MUCHOS_A_UNO","PRO05037","RIVIT RIV504 Trigger lever 4338200 Pos 43","RV.RIV504","RIVIT RIV504 REMACHADORA HIDRONEUMATICA HASTA D 6,4 mm  - 4035800","RIVIT","94","1","3","0","0","sin saldo registrado","NO APLICAR - revisar a mano","94 productos distintos apuntan al mismo canonico: casi seguro son piezas o accesorios que nombran su maquina"
"GRUPO_MUCHOS_A_UNO","PRO05038","RIVIT RIV504 Valve 4338300 Pos 44","RV.RIV504","RIVIT RIV504 REMACHADORA HIDRONEUMATICA HASTA D 6,4 mm  - 4035800","RIVIT","94","1","3","0","0","sin saldo registrado","NO APLICAR - revisar a mano","94 productos distintos apuntan al mismo canonico: casi seguro son piezas o accesorios que nombran su maquina"
"GRUPO_MUCHOS_A_UNO","PRO05039","RIVIT RIV504 O-ring 4338400 Pos 45","RV.RIV504","RIVIT RIV504 REMACHADORA HIDRONEUMATICA HASTA D 6,4 mm  - 4035800","RIVIT","94","1","3","0","0","sin saldo registrado","NO APLICAR - revisar a mano","94 productos distintos apuntan al mismo canonico: casi seguro son piezas o accesorios que nombran su maquina"
"GRUPO_MUCHOS_A_UNO","PRO05040","RIVIT RIV504 Air valve 4338500 Pos 46","RV.RIV504","RIVIT RIV504 REMACHADORA HIDRONEUMATICA HASTA D 6,4 mm  - 4035800","RIVIT","94","1","3","0","0","sin saldo registrado","NO APLICAR - revisar a mano","94 productos distintos apuntan al mismo canonico: casi seguro son piezas o accesorios que nombran su maquina"
"GRUPO_MUCHOS_A_UNO","PRO05041","RIVIT RIV504 Spacer 4338600 Pos 47","RV.RIV504","RIVIT RIV504 REMACHADORA HIDRONEUMATICA HASTA D 6,4 mm  - 4035800","RIVIT","94","1","3","0","0","sin saldo registrado","NO APLICAR - revisar a mano","94 productos distintos apuntan al mismo canonico: casi seguro son piezas o accesorios que nombran su maquina"
"GRUPO_MUCHOS_A_UNO","PRO05042","RIVIT RIV504 Screw connection 4338700 Pos 48","RV.RIV504","RIVIT RIV504 REMACHADORA HIDRONEUMATICA HASTA D 6,4 mm  - 4035800","RIVIT","94","1","3","0","0","sin saldo registrado","NO APLICAR - revisar a mano","94 productos distintos apuntan al mismo canonico: casi seguro son piezas o accesorios que nombran su maquina"
"GRUPO_MUCHOS_A_UNO","PRO05043","RIVIT RIV504 Ring nut 4317100 Pos 49","RV.RIV504","RIVIT RIV504 REMACHADORA HIDRONEUMATICA HASTA D 6,4 mm  - 4035800","RIVIT","94","1","3","0","0","sin saldo registrado","NO APLICAR - revisar a mano","94 productos distintos apuntan al mismo canonico: casi seguro son piezas o accesorios que nombran su maquina"
"GRUPO_MUCHOS_A_UNO","PRO05044","RIVIT RIV504 Screw 4317200 Pos 50","RV.RIV504","RIVIT RIV504 REMACHADORA HIDRONEUMATICA HASTA D 6,4 mm  - 4035800","RIVIT","94","1","3","0","0","sin saldo registrado","NO APLICAR - revisar a mano","94 productos distintos apuntan al mismo canonico: casi seguro son piezas o accesorios que nombran su maquina"
"GRUPO_MUCHOS_A_UNO","PRO05045","RIVIT RIV504 Valve 4341500 Pos 51","RV.RIV504","RIVIT RIV504 REMACHADORA HIDRONEUMATICA HASTA D 6,4 mm  - 4035800","RIVIT","94","1","3","0","0","sin saldo registrado","NO APLICAR - revisar a mano","94 productos distintos apuntan al mismo canonico: casi seguro son piezas o accesorios que nombran su maquina"
"GRUPO_MUCHOS_A_UNO","PRO05046","RIVIT RIV504 O-ring 4341600 Pos 52","RV.RIV504","RIVIT RIV504 REMACHADORA HIDRONEUMATICA HASTA D 6,4 mm  - 4035800","RIVIT","94","1","3","0","0","sin saldo registrado","NO APLICAR - revisar a mano","94 productos distintos apuntan al mismo canonico: casi seguro son piezas o accesorios que nombran su maquina"
"GRUPO_MUCHOS_A_UNO","PRO05047","RIVIT RIV504 Screw 4145000 Pos 53","RV.RIV504","RIVIT RIV504 REMACHADORA HIDRONEUMATICA HASTA D 6,4 mm  - 4035800","RIVIT","94","1","3","0","0","sin saldo registrado","NO APLICAR - revisar a mano","94 productos distintos apuntan al mismo canonico: casi seguro son piezas o accesorios que nombran su maquina"
"GRUPO_MUCHOS_A_UNO","PRO05048","RIVIT RIV504 Air valve body 4342700 Pos 54A","RV.RIV504","RIVIT RIV504 REMACHADORA HIDRONEUMATICA HASTA D 6,4 mm  - 4035800","RIVIT","94","1","3","0","0","sin saldo registrado","NO APLICAR - revisar a mano","94 productos distintos apuntan al mismo canonico: casi seguro son piezas o accesorios que nombran su maquina"
"GRUPO_MUCHOS_A_UNO","PRO05049","RIVIT RIV504 Air valve ring 4137600** Pos 55","RV.RIV504","RIVIT RIV504 REMACHADORA HIDRONEUMATICA HASTA D 6,4 mm  - 4035800","RIVIT","94","1","3","0","0","sin saldo registrado","NO APLICAR - revisar a mano","94 productos distintos apuntan al mismo canonico: casi seguro son piezas o accesorios que nombran su maquina"
"GRUPO_MUCHOS_A_UNO","PRO05050","RIVIT RIV504 O-ring for air valve piston 4137700** Pos 56","RV.RIV504","RIVIT RIV504 REMACHADORA HIDRONEUMATICA HASTA D 6,4 mm  - 4035800","RIVIT","94","1","3","0","0","sin saldo registrado","NO APLICAR - revisar a mano","94 productos distintos apuntan al mismo canonico: casi seguro son piezas o accesorios que nombran su maquina"
"GRUPO_MUCHOS_A_UNO","PRO05051","RIVIT RIV504 Air valve base 4137800* Pos 57","RV.RIV504","RIVIT RIV504 REMACHADORA HIDRONEUMATICA HASTA D 6,4 mm  - 4035800","RIVIT","94","1","3","0","0","sin saldo registrado","NO APLICAR - revisar a mano","94 productos distintos apuntan al mismo canonico: casi seguro son piezas o accesorios que nombran su maquina"
"GRUPO_MUCHOS_A_UNO","PRO05052","RIVIT RIV504 Connector 4311500 Pos 58","RV.RIV504","RIVIT RIV504 REMACHADORA HIDRONEUMATICA HASTA D 6,4 mm  - 4035800","RIVIT","94","1","3","0","0","sin saldo registrado","NO APLICAR - revisar a mano","94 productos distintos apuntan al mismo canonico: casi seguro son piezas o accesorios que nombran su maquina"
"GRUPO_MUCHOS_A_UNO","PRO05053","RIVIT RIV504 O-ring for valve piston 4225400 Pos 59","RV.RIV504","RIVIT RIV504 REMACHADORA HIDRONEUMATICA HASTA D 6,4 mm  - 4035800","RIVIT","94","1","3","0","0","sin saldo registrado","NO APLICAR - revisar a mano","94 productos distintos apuntan al mismo canonico: casi seguro son piezas o accesorios que nombran su maquina"
"GRUPO_MUCHOS_A_UNO","PRO05054","RIVIT RIV504 Connector 4342800 Pos 60","RV.RIV504","RIVIT RIV504 REMACHADORA HIDRONEUMATICA HASTA D 6,4 mm  - 4035800","RIVIT","94","1","3","0","0","sin saldo registrado","NO APLICAR - revisar a mano","94 productos distintos apuntan al mismo canonico: casi seguro son piezas o accesorios que nombran su maquina"
"GRUPO_MUCHOS_A_UNO","PRO05055","RIVIT RIV504 O-ring 4225500 Pos 61","RV.RIV504","RIVIT RIV504 REMACHADORA HIDRONEUMATICA HASTA D 6,4 mm  - 4035800","RIVIT","94","1","3","0","0","sin saldo registrado","NO APLICAR - revisar a mano","94 productos distintos apuntan al mismo canonico: casi seguro son piezas o accesorios que nombran su maquina"
"GRUPO_MUCHOS_A_UNO","PRO05056","RIVIT RIV504 Rotanting valve 4294000* Pos 62","RV.RIV504","RIVIT RIV504 REMACHADORA HIDRONEUMATICA HASTA D 6,4 mm  - 4035800","RIVIT","94","1","3","0","0","sin saldo registrado","NO APLICAR - revisar a mano","94 productos distintos apuntan al mismo canonico: casi seguro son piezas o accesorios que nombran su maquina"
"GRUPO_MUCHOS_A_UNO","PRO05057","RIVIT RIV504 Hose air 4225800 Pos 62A","RV.RIV504","RIVIT RIV504 REMACHADORA HIDRONEUMATICA HASTA D 6,4 mm  - 4035800","RIVIT","94","1","3","0","0","sin saldo registrado","NO APLICAR - revisar a mano","94 productos distintos apuntan al mismo canonico: casi seguro son piezas o accesorios que nombran su maquina"
"GRUPO_MUCHOS_A_UNO","PRO05058","RIVIT RIV504 Air valve piston 4135400* Pos 63A","RV.RIV504","RIVIT RIV504 REMACHADORA HIDRONEUMATICA HASTA D 6,4 mm  - 4035800","RIVIT","94","1","3","0","0","sin saldo registrado","NO APLICAR - revisar a mano","94 productos distintos apuntan al mismo canonico: casi seguro son piezas o accesorios que nombran su maquina"
"GRUPO_MUCHOS_A_UNO","PRO05059","RIVIT RIV504 Screw 4305200 Pos 64","RV.RIV504","RIVIT RIV504 REMACHADORA HIDRONEUMATICA HASTA D 6,4 mm  - 4035800","RIVIT","94","1","3","0","0","sin saldo registrado","NO APLICAR - revisar a mano","94 productos distintos apuntan al mismo canonico: casi seguro son piezas o accesorios que nombran su maquina"
"GRUPO_MUCHOS_A_UNO","PRO05060","RIVIT RIV504 Silencer 4342900 Pos 65","RV.RIV504","RIVIT RIV504 REMACHADORA HIDRONEUMATICA HASTA D 6,4 mm  - 4035800","RIVIT","94","1","3","0","0","sin saldo registrado","NO APLICAR - revisar a mano","94 productos distintos apuntan al mismo canonico: casi seguro son piezas o accesorios que nombran su maquina"
"GRUPO_MUCHOS_A_UNO","PRO05061","RIVIT RIV504 Cylinder bottom 4343000 Pos 66A","RV.RIV504","RIVIT RIV504 REMACHADORA HIDRONEUMATICA HASTA D 6,4 mm  - 4035800","RIVIT","94","1","3","0","0","sin saldo registrado","NO APLICAR - revisar a mano","94 productos distintos apuntan al mismo canonico: casi seguro son piezas o accesorios que nombran su maquina"
"GRUPO_MUCHOS_A_UNO","PRO05062","RIVIT RIV504 O-ring 4135500 Pos 67","RV.RIV504","RIVIT RIV504 REMACHADORA HIDRONEUMATICA HASTA D 6,4 mm  - 4035800","RIVIT","94","1","3","0","0","sin saldo registrado","NO APLICAR - revisar a mano","94 productos distintos apuntan al mismo canonico: casi seguro son piezas o accesorios que nombran su maquina"
"GRUPO_MUCHOS_A_UNO","PRO05063","RIVIT RIV504 Screw 4340000 Pos 68A","RV.RIV504","RIVIT RIV504 REMACHADORA HIDRONEUMATICA HASTA D 6,4 mm  - 4035800","RIVIT","94","1","3","0","0","sin saldo registrado","NO APLICAR - revisar a mano","94 productos distintos apuntan al mismo canonico: casi seguro son piezas o accesorios que nombran su maquina"
"GRUPO_MUCHOS_A_UNO","PRO05064","RIVIT RIV504 Ring nut 4340200 Pos 69","RV.RIV504","RIVIT RIV504 REMACHADORA HIDRONEUMATICA HASTA D 6,4 mm  - 4035800","RIVIT","94","1","3","0","0","sin saldo registrado","NO APLICAR - revisar a mano","94 productos distintos apuntan al mismo canonico: casi seguro son piezas o accesorios que nombran su maquina"
"GRUPO_MUCHOS_A_UNO","PRO05069","RIVIT RIV504 Piston ring 4225700 Pos 74","RV.RIV504","RIVIT RIV504 REMACHADORA HIDRONEUMATICA HASTA D 6,4 mm  - 4035800","RIVIT","94","1","3","0","0","sin saldo registrado","NO APLICAR - revisar a mano","94 productos distintos apuntan al mismo canonico: casi seguro son piezas o accesorios que nombran su maquina"
"GRUPO_MUCHOS_A_UNO","PRO05070","RIVIT RIV504 Tube 4265100 Pos 75","RV.RIV504","RIVIT RIV504 REMACHADORA HIDRONEUMATICA HASTA D 6,4 mm  - 4035800","RIVIT","94","1","3","0","0","sin saldo registrado","NO APLICAR - revisar a mano","94 productos distintos apuntan al mismo canonico: casi seguro son piezas o accesorios que nombran su maquina"
"GRUPO_MUCHOS_A_UNO","PRO05071","RIVIT RIV504 Oil stem 4265200 Pos 76","RV.RIV504","RIVIT RIV504 REMACHADORA HIDRONEUMATICA HASTA D 6,4 mm  - 4035800","RIVIT","94","1","3","0","0","sin saldo registrado","NO APLICAR - revisar a mano","94 productos distintos apuntan al mismo canonico: casi seguro son piezas o accesorios que nombran su maquina"
"GRUPO_MUCHOS_A_UNO","PRO05072","RIVIT RIV504 Bottom 4265300 Pos 77","RV.RIV504","RIVIT RIV504 REMACHADORA HIDRONEUMATICA HASTA D 6,4 mm  - 4035800","RIVIT","94","1","3","0","0","sin saldo registrado","NO APLICAR - revisar a mano","94 productos distintos apuntan al mismo canonico: casi seguro son piezas o accesorios que nombran su maquina"
"GRUPO_MUCHOS_A_UNO","PRO05074","RIVIT RIV504 Screw 4265400 Pos 79","RV.RIV504","RIVIT RIV504 REMACHADORA HIDRONEUMATICA HASTA D 6,4 mm  - 4035800","RIVIT","94","1","3","0","0","sin saldo registrado","NO APLICAR - revisar a mano","94 productos distintos apuntan al mismo canonico: casi seguro son piezas o accesorios que nombran su maquina"
"GRUPO_MUCHOS_A_UNO","PRO05075","RIVIT RIV504 O-ring 4265500 Pos 80","RV.RIV504","RIVIT RIV504 REMACHADORA HIDRONEUMATICA HASTA D 6,4 mm  - 4035800","RIVIT","94","1","3","0","0","sin saldo registrado","NO APLICAR - revisar a mano","94 productos distintos apuntan al mismo canonico: casi seguro son piezas o accesorios que nombran su maquina"
"GRUPO_MUCHOS_A_UNO","PRO05076","RIVIT RIV504 Cylinder 4343200 Pos 81","RV.RIV504","RIVIT RIV504 REMACHADORA HIDRONEUMATICA HASTA D 6,4 mm  - 4035800","RIVIT","94","1","3","0","0","sin saldo registrado","NO APLICAR - revisar a mano","94 productos distintos apuntan al mismo canonico: casi seguro son piezas o accesorios que nombran su maquina"
"GRUPO_MUCHOS_A_UNO","PRO05077","RIVIT RIV504 Protection bottom 4343300 Pos 82","RV.RIV504","RIVIT RIV504 REMACHADORA HIDRONEUMATICA HASTA D 6,4 mm  - 4035800","RIVIT","94","1","3","0","0","sin saldo registrado","NO APLICAR - revisar a mano","94 productos distintos apuntan al mismo canonico: casi seguro son piezas o accesorios que nombran su maquina"
"GRUPO_MUCHOS_A_UNO","PRO05078","RIVIT RIV504 Gasket 4239600 Pos 83","RV.RIV504","RIVIT RIV504 REMACHADORA HIDRONEUMATICA HASTA D 6,4 mm  - 4035800","RIVIT","94","1","3","0","0","sin saldo registrado","NO APLICAR - revisar a mano","94 productos distintos apuntan al mismo canonico: casi seguro son piezas o accesorios que nombran su maquina"
"GRUPO_MUCHOS_A_UNO","PRO05079","RIVIT RIV504 Seal bolt 4317400 Pos 84","RV.RIV504","RIVIT RIV504 REMACHADORA HIDRONEUMATICA HASTA D 6,4 mm  - 4035800","RIVIT","94","1","3","0","0","sin saldo registrado","NO APLICAR - revisar a mano","94 productos distintos apuntan al mismo canonico: casi seguro son piezas o accesorios que nombran su maquina"
"GRUPO_MUCHOS_A_UNO","PRO05080","RIVIT RIV504 Hook balancer 4317500 Pos 85","RV.RIV504","RIVIT RIV504 REMACHADORA HIDRONEUMATICA HASTA D 6,4 mm  - 4035800","RIVIT","94","1","3","0","0","sin saldo registrado","NO APLICAR - revisar a mano","94 productos distintos apuntan al mismo canonico: casi seguro son piezas o accesorios que nombran su maquina"
"GRUPO_MUCHOS_A_UNO","PRO05081","RIVIT RIV504 Nosepiece ø 6,0-6,4 Al-Fe 4041700 Pos 86","RV.RIV504","RIVIT RIV504 REMACHADORA HIDRONEUMATICA HASTA D 6,4 mm  - 4035800","RIVIT","94","1","3","0","0","sin saldo registrado","NO APLICAR - revisar a mano","94 productos distintos apuntan al mismo canonico: casi seguro son piezas o accesorios que nombran su maquina"
"GRUPO_MUCHOS_A_UNO","PRO05082","RIVIT RIV504 Nosepiece d.4,0 4199200 Pos 87","RV.RIV504","RIVIT RIV504 REMACHADORA HIDRONEUMATICA HASTA D 6,4 mm  - 4035800","RIVIT","94","1","3","0","0","sin saldo registrado","NO APLICAR - revisar a mano","94 productos distintos apuntan al mismo canonico: casi seguro son piezas o accesorios que nombran su maquina"
"GRUPO_MUCHOS_A_UNO","PRO05083","RIVIT RIV504 Nosepiece d.4,8 4169100 Pos 88","RV.RIV504","RIVIT RIV504 REMACHADORA HIDRONEUMATICA HASTA D 6,4 mm  - 4035800","RIVIT","94","1","3","0","0","sin saldo registrado","NO APLICAR - revisar a mano","94 productos distintos apuntan al mismo canonico: casi seguro son piezas o accesorios que nombran su maquina"
"GRUPO_MUCHOS_A_UNO","PRO05084","RIVIT RIV504 Nosepiece ø 6,4 x Magnariv rivets 4041800 Pos 89","RV.RIV504","RIVIT RIV504 REMACHADORA HIDRONEUMATICA HASTA D 6,4 mm  - 4035800","RIVIT","94","1","3","0","0","sin saldo registrado","NO APLICAR - revisar a mano","94 productos distintos apuntan al mismo canonico: casi seguro son piezas o accesorios que nombran su maquina"
"GRUPO_MUCHOS_A_UNO","PRO05085","RIVIT RIV504 Nosepiece ø 4,8 3/16 x Monriv rivets 2524800 Pos 90","RV.RIV504","RIVIT RIV504 REMACHADORA HIDRONEUMATICA HASTA D 6,4 mm  - 4035800","RIVIT","94","1","3","0","0","sin saldo registrado","NO APLICAR - revisar a mano","94 productos distintos apuntan al mismo canonico: casi seguro son piezas o accesorios que nombran su maquina"
"GRUPO_MUCHOS_A_UNO","PRO05086","RIVIT RIV504 Nosepiece ø 6,4 1/4 for Monriv rivets 4041900 Pos 91","RV.RIV504","RIVIT RIV504 REMACHADORA HIDRONEUMATICA HASTA D 6,4 mm  - 4035800","RIVIT","94","1","3","0","0","sin saldo registrado","NO APLICAR - revisar a mano","94 productos distintos apuntan al mismo canonico: casi seguro son piezas o accesorios que nombran su maquina"
"GRUPO_MUCHOS_A_UNO","PRO05087","RIVIT RIV504 Nosepiece ø 6,4 for Lockriv rivets 4173500 Pos 92","RV.RIV504","RIVIT RIV504 REMACHADORA HIDRONEUMATICA HASTA D 6,4 mm  - 4035800","RIVIT","94","1","3","0","0","sin saldo registrado","NO APLICAR - revisar a mano","94 productos distintos apuntan al mismo canonico: casi seguro son piezas o accesorios que nombran su maquina"
"GRUPO_MUCHOS_A_UNO","PRO05153","ESTIC EH2-R2120-S Recta de 24 a 120NM","ET.EH2-R2120-S","ESTIC EH2-R2120-S STRAIGHT TOOL 120NM","ESTIC","3","1","3","0","0","sin saldo registrado","NO APLICAR - revisar a mano","3 productos distintos apuntan al mismo canonico: casi seguro son piezas o accesorios que nombran su maquina"
"GRUPO_MUCHOS_A_UNO","PRO05156","TOHNICHI 05T04762 - PARA QSP280N3","TC.QSP280N3","TOHNICHI QSP280N3 TORQUE WRENCH","TOHNICHI","3","1","3","0","0","sin saldo registrado","NO APLICAR - revisar a mano","3 productos distintos apuntan al mismo canonico: casi seguro son piezas o accesorios que nombran su maquina"
"GRUPO_MUCHOS_A_UNO","PRO05158","TOHNICHI 07T50410 - PARA QSP280N3","TC.QSP280N3","TOHNICHI QSP280N3 TORQUE WRENCH","TOHNICHI","3","1","3","0","0","sin saldo registrado","NO APLICAR - revisar a mano","3 productos distintos apuntan al mismo canonico: casi seguro son piezas o accesorios que nombran su maquina"
"GRUPO_MUCHOS_A_UNO","PRO05159","TOHNICHI 12T03405 - PARA QSP280N3","TC.QSP280N3","TOHNICHI QSP280N3 TORQUE WRENCH","TOHNICHI","3","1","3","0","0","sin saldo registrado","NO APLICAR - revisar a mano","3 productos distintos apuntan al mismo canonico: casi seguro son piezas o accesorios que nombran su maquina"
"GRUPO_MUCHOS_A_UNO","PRO05160","TOHNICHI 01T77411 - PARA QSP50N3","TC.QSP50N3","TOHNICHI QSP50N3 TORQUE WRENCH","TOHNICHI","6","1","3","0","0","sin saldo registrado","NO APLICAR - revisar a mano","6 productos distintos apuntan al mismo canonico: casi seguro son piezas o accesorios que nombran su maquina"
"GRUPO_MUCHOS_A_UNO","PRO05161","TOHNICHI 01T77410 - PARA QSP50N3","TC.QSP50N3","TOHNICHI QSP50N3 TORQUE WRENCH","TOHNICHI","6","1","3","0","0","sin saldo registrado","NO APLICAR - revisar a mano","6 productos distintos apuntan al mismo canonico: casi seguro son piezas o accesorios que nombran su maquina"
"GRUPO_MUCHOS_A_UNO","PRO05162","TOHNICHI 05T03405 - PARA QSP50N3","TC.QSP50N3","TOHNICHI QSP50N3 TORQUE WRENCH","TOHNICHI","6","1","3","0","0","sin saldo registrado","NO APLICAR - revisar a mano","6 productos distintos apuntan al mismo canonico: casi seguro son piezas o accesorios que nombran su maquina"
"GRUPO_MUCHOS_A_UNO","PRO05163","TOHNICHI 00T16061C - 00T28591C - PARA QSP50N3","TC.QSP50N3","TOHNICHI QSP50N3 TORQUE WRENCH","TOHNICHI","6","1","3","0","0","sin saldo registrado","NO APLICAR - revisar a mano","6 productos distintos apuntan al mismo canonico: casi seguro son piezas o accesorios que nombran su maquina"
"GRUPO_MUCHOS_A_UNO","PRO05164","TOHNICHI 03T50410 - PARA QSP50N3","TC.QSP50N3","TOHNICHI QSP50N3 TORQUE WRENCH","TOHNICHI","6","1","3","0","0","sin saldo registrado","NO APLICAR - revisar a mano","6 productos distintos apuntan al mismo canonico: casi seguro son piezas o accesorios que nombran su maquina"
"PAR_1_A_1","PRO05207","TORERO OBT-50PD DE 7 A 16NM","TO.OBT-50PD","TORERO OBT-50PD DE 7 NM A 16 NM","TORERO","1","1","10","0","1","10","revisar: tiene stock","el técnico tiene la ficha, pero el de STEL tiene SALDO de stock"
"PAR_1_A_1","PRO05214","TOHNICHI QH22D CABEZA 3/4"" SA.","TC.QH22D","TOHNICHI QH22D RATCHET HEAD 3/4 sq.dr.","TOHNICHI","1","1","3","0","0","sin saldo registrado","retirar el de STEL","el técnico tiene la ficha y el de STEL no tiene historia ni stock"
"PAR_1_A_1","PRO05219","TORERO OBN-70PD PISTOLA DE 40 A 60 NM","TO.OBN-70PD","TORERO OBN-70PD DE 50 NM A 70 NM","TORERO","1","1","10","0","0","sin saldo registrado","retirar el de STEL","el técnico tiene la ficha y el de STEL no tiene historia ni stock"
"PAR_1_A_1","PRO05221","TOHNICHI SH10DX18 CABEZA 18MM","TC.SH10DX18","TOHNICHI SH10DX18 OPEN END HEAD","TOHNICHI","1","1","3","0","0","sin saldo registrado","retirar el de STEL","el técnico tiene la ficha y el de STEL no tiene historia ni stock"
"PAR_1_A_1","PRO05223","TOHNICHI CSP100N3X15D","TC.CSP100N3X15D","TOHNICHI CSP100N3X15D TORQUE WRENCH","TOHNICHI","1","1","3","0","0","sin saldo registrado","retirar el de STEL","el técnico tiene la ficha y el de STEL no tiene historia ni stock"
"PAR_1_A_1","PRO05224","TOHNICHI SH15DX14","TC.SH15DX14","TOHNICHI SH15DX14 OPEN END HEAD","TOHNICHI","1","1","3","0","0","sin saldo registrado","retirar el de STEL","el técnico tiene la ficha y el de STEL no tiene historia ni stock"
"PAR_1_A_1","PRO05225","TOHNICHI SH10DX10 CABEZA 10MM","TC.SH10DX10","TOHNICHI SH10DX10 OPEN END HEAD","TOHNICHI","1","1","3","0","0","sin saldo registrado","retirar el de STEL","el técnico tiene la ficha y el de STEL no tiene historia ni stock"
"PAR_1_A_1","PRO05226","TOHNICHI RH19DX19 CABEZA CERRADA 19MM","TC.RH19DX19","TOHNICHI RH19DX19 RING HEAD","TOHNICHI","1","1","3","0","0","sin saldo registrado","retirar el de STEL","el técnico tiene la ficha y el de STEL no tiene historia ni stock"
"PAR_1_A_1","PRO05272","TOHNICHI SH10DX11 CABEZA 11MM","TC.SH10DX11","TOHNICHI SH10DX11 OPEN END HEAD","TOHNICHI","1","1","3","0","0","sin saldo registrado","retirar el de STEL","el técnico tiene la ficha y el de STEL no tiene historia ni stock"
"PAR_1_A_1","PRO05273","TOHNICHI SH10DX13 CABEZA 13MM","TC.SH10DX13","TOHNICHI SH10DX13 OPEN END HEAD","TOHNICHI","1","1","3","0","0","sin saldo registrado","retirar el de STEL","el técnico tiene la ficha y el de STEL no tiene historia ni stock"
"PAR_1_A_1","PRO05298","TORERO LTU-12SH-4 SCREWDRIVER DE 0.5 A 4.5 NM 850RPM","TO.LTU-12SH-4","TORERO LTU-12SH-4 DE 0.4 NM A 4.5 NM","TORERO","1","1","10","3","1","7","revisar: tiene stock","el técnico tiene la ficha, pero el de STEL tiene SALDO de stock"
"PAR_1_A_1","PRO05299","TORERO LTR-12SH-4 SCREWDRIVER DE 0.4 A 4.2 NM 750RPM","TO.LTR-12SH-4","TORERO LTR-12SH-4 DE 0.4 NM A 4.2 NM","TORERO","1","1","10","4","0","sin saldo registrado","retirar el de STEL","el técnico tiene la ficha; el de STEL tiene 4 documento(s) y hay que conservarlos"
"PAR_1_A_1","PRO05445","TOHNICHI SP38NX19 - DE 3,5 A 19,00 NM","TOH.SP38NX19","TOHNICHI SP38NX19","TOHNICHI","1","1","3","0","0","sin saldo registrado","retirar el de STEL","el técnico tiene la ficha y el de STEL no tiene historia ni stock"
"PAR_1_A_1","PRO05512","APEX 4402X","AP.440-2X","APEX 440-2X PUNTA","APEX","1","1","9","0","0","sin saldo registrado","retirar el de STEL","el técnico tiene la ficha y el de STEL no tiene historia ni stock"
"PAR_1_A_1","PRO05674","APEX M7MME1","AP.M-7MME1","APEX M-7MME1 EMBOCADURA","APEX","1","1","9","0","1","10","revisar: tiene stock","el técnico tiene la ficha, pero el de STEL tiene SALDO de stock"
"PAR_1_A_1","PRO05675","APEX EX370B","AP.EX-370-B","APEX EX-370-B EXTENSION","APEX","1","1","9","0","1","5","revisar: tiene stock","el técnico tiene la ficha, pero el de STEL tiene SALDO de stock"
"PAR_1_A_1","PRO05676","APEX 8MM11","AP.8MM11","APEX 8MM11 EMBOCADURA","APEX","1","1","9","0","1","3","revisar: tiene stock","el técnico tiene la ficha, pero el de STEL tiene SALDO de stock"
"PAR_1_A_1","PRO05687","APEX MB13MM23","AP.MB-13MM23","APEX MB-13MM23 EMBOCADURA","APEX","1","1","9","0","0","sin saldo registrado","retirar el de STEL","el técnico tiene la ficha y el de STEL no tiene historia ni stock"
"PAR_1_A_1","PRO05688","APEX M3114","AP.M-3114","APEX M-3114 EMBOCADURA","APEX","1","1","9","0","1","1","revisar: tiene stock","el técnico tiene la ficha, pero el de STEL tiene SALDO de stock"
"PAR_1_A_1","PRO05691","APEX 21MM15","AP.21MM15","APEX 21MM15 EMBOCADURA","APEX","1","1","9","0","0","sin saldo registrado","retirar el de STEL","el técnico tiene la ficha y el de STEL no tiene historia ni stock"
"PAR_1_A_1","PRO05697","APEX 50TX08","AP.50-TX-08","APEX 50-TX-08 PUNTA","APEX","1","1","9","0","0","sin saldo registrado","retirar el de STEL","el técnico tiene la ficha y el de STEL no tiene historia ni stock"
"PAR_1_A_1","PRO05699","APEX MDA08","AP.MDA-08","APEX MDA-08 EMBOCADURA","APEX","1","1","9","0","0","sin saldo registrado","retirar el de STEL","el técnico tiene la ficha y el de STEL no tiene historia ni stock"
"PAR_1_A_1","PRO05702","APEX M4904","AP.M-490-4","APEX M-490-4 PORTAPUNTAS","APEX","1","1","9","0","0","sin saldo registrado","retirar el de STEL","el técnico tiene la ficha y el de STEL no tiene historia ni stock"
"PAR_1_A_1","PRO05705","APEX EX372","AP.EX-372","APEX EX-372 ADAPTADOR","APEX","1","1","9","0","1","3","revisar: tiene stock","el técnico tiene la ficha, pero el de STEL tiene SALDO de stock"
"PAR_1_A_1","PRO05708","APEX PHILLIPS 4930AX PH3x70x1/4"" HEX.","AP.4930-AX","APEX 4930-AX PUNTA","APEX","1","1","9","0","0","sin saldo registrado","retirar el de STEL","el técnico tiene la ficha y el de STEL no tiene historia ni stock"
"PAR_1_A_1","PRO05711","APEX EX3768","AP.EX-376-8","APEX EX-376-8 EXTENSION","APEX","1","1","9","0","0","sin saldo registrado","retirar el de STEL","el técnico tiene la ficha y el de STEL no tiene historia ni stock"
"PAR_1_A_1","PRO05712","APEX PHILLIPS 492BX PH2x90x1/4"" HEX.","AP.492-BX","APEX 492-BX PUNTA","APEX","1","1","9","0","0","sin saldo registrado","retirar el de STEL","el técnico tiene la ficha y el de STEL no tiene historia ni stock"
"PAR_1_A_1","PRO05713","APEX 15MM03","AP.15MM03","APEX 15MM03 EMBOCADURA","APEX","1","1","9","0","0","sin saldo registrado","retirar el de STEL","el técnico tiene la ficha y el de STEL no tiene historia ni stock"
"PAR_1_A_1","PRO05715","APEX M10MM13 10 MM IMAN 3/8"" SQ","AP.M-10MM13","APEX M-10MM13 EMBOCADURA","APEX","1","1","9","0","1","7","revisar: tiene stock","el técnico tiene la ficha, pero el de STEL tiene SALDO de stock"
"PAR_1_A_1","PRO05717","APEX PHILLIPS 491X PH1x50x1/4"" HEX.","AP.491X","APEX 491X PUNTA","APEX","1","1","9","0","0","sin saldo registrado","retirar el de STEL","el técnico tiene la ficha y el de STEL no tiene historia ni stock"
"PAR_1_A_1","PRO05719","APEX AM6MM","AP.AM-6MM","APEX AM-6MM EMBOCADURA","APEX","1","1","9","0","0","sin saldo registrado","retirar el de STEL","el técnico tiene la ficha y el de STEL no tiene historia ni stock"
"PAR_1_A_1","PRO05721","APEX MDA-10 5/16","AP.MDA-10","APEX MDA-10 EMBOCADURA","APEX","1","1","9","0","0","sin saldo registrado","retirar el de STEL","el técnico tiene la ficha y el de STEL no tiene historia ni stock"
"PAR_1_A_1","PRO05726","APEX 4401X","AP.440-1X","APEX 440-1X PUNTA","APEX","1","1","9","0","0","sin saldo registrado","retirar el de STEL","el técnico tiene la ficha y el de STEL no tiene historia ni stock"
"PAR_1_A_1","PRO05810","TORERO OBN40SH RECTA DE 11 A 20 NM ENCASTRE 1/4"" HEX","TO.OBN-40SH","TORERO OBN-40SH DE 12 NM A 20 NM","TORERO","1","1","10","0","0","sin saldo registrado","retirar el de STEL","el técnico tiene la ficha y el de STEL no tiene historia ni stock"
"PAR_1_A_1","PRO05831","APEX 13MM13","AP.13MM13","APEX 13MM13 EMBOCADURA","APEX","1","1","9","0","0","sin saldo registrado","retirar el de STEL","el técnico tiene la ficha y el de STEL no tiene historia ni stock"
"GRUPO_MUCHOS_A_UNO","PRO05835","APEX QR-308 Female Square Drive Bit Holder, Quick Releasing Chuck","AP.QR-308","APEX QR-308 PUNTA","APEX","2","1","9","0","0","sin saldo registrado","NO APLICAR - revisar a mano","2 productos distintos apuntan al mismo canonico: casi seguro son piezas o accesorios que nombran su maquina"
"PAR_1_A_1","PRO05838","APEX EX37612","AP.EX-376-12","APEX EX-376-12 EXTENSION","APEX","1","1","9","0","0","sin saldo registrado","retirar el de STEL","el técnico tiene la ficha y el de STEL no tiene historia ni stock"
"PAR_1_A_1","PRO05844","APEX 320000X","AP.320-000X","APEX 320-000X PUNTA","APEX","1","1","9","0","1","18","revisar: tiene stock","el técnico tiene la ficha, pero el de STEL tiene SALDO de stock"
"PAR_1_A_1","PRO05920","APEX 10MM13","AP.10MM13","APEX 10MM13 EMBOCADURA","APEX","1","1","9","0","0","sin saldo registrado","retirar el de STEL","el técnico tiene la ficha y el de STEL no tiene historia ni stock"
"PAR_1_A_1","PRO05992","Tohnichi QL25N5 de 5 a 25 Nm","TC.QL25N5","TOHNICHI QL25N5 Torque Wrench","TOHNICHI","1","1","3","0","0","sin saldo registrado","retirar el de STEL","el técnico tiene la ficha y el de STEL no tiene historia ni stock"
"PAR_1_A_1","PRO05993","Tohnichi QL50N de 10 a 50 Nm","TC.QL50N","TOHNICHI QL50N TORQUE WRENCH","TOHNICHI","1","1","3","0","0","sin saldo registrado","retirar el de STEL","el técnico tiene la ficha y el de STEL no tiene historia ni stock"
"PAR_1_A_1","PRO05994","Tohnichi QL100N4 de 20 a 100 Nm","TC.QL100N4","TOHNICHI QL100N4 TORQUE WRENCH","TOHNICHI","1","1","3","0","0","sin saldo registrado","retirar el de STEL","el técnico tiene la ficha y el de STEL no tiene historia ni stock"
"PAR_1_A_1","PRO05995","Tohnichi QL200N4 de 40 a 200 Nm","TC.QL200N4","TOHNICHI QL200N4 TORQUE WRENCH","TOHNICHI","1","1","3","0","0","sin saldo registrado","retirar el de STEL","el técnico tiene la ficha y el de STEL no tiene historia ni stock"
"PAR_1_A_1","PRO05996","Tohnichi QL420N de 80 a 420 Nm","TC.QL420N","TOHNICHI QL420N TORQUE WRENCH","TOHNICHI","1","1","3","0","0","sin saldo registrado","retirar el de STEL","el técnico tiene la ficha y el de STEL no tiene historia ni stock"
"PAR_1_A_1","PRO07527","APEX PHILLIPS 492X PH2x50x1/4"" HEX.","AP.492X","APEX 492X PUNTA","APEX","1","1","9","0","0","sin saldo registrado","retirar el de STEL","el técnico tiene la ficha y el de STEL no tiene historia ni stock"
"GRUPO_MUCHOS_A_UNO","PRO07666","ESTIC EH2-R2120-S PULSE TOOLS (FOR HARD JOINTS)","ET.EH2-R2120-S","ESTIC EH2-R2120-S STRAIGHT TOOL 120NM","ESTIC","3","1","3","0","0","sin saldo registrado","NO APLICAR - revisar a mano","3 productos distintos apuntan al mismo canonico: casi seguro son piezas o accesorios que nombran su maquina"
"PAR_1_A_1","PRO09603","TORERO OBT40SH RECTA DE 5 A 9 NM ENCASTRE 1/4"" HEX","TO.OBT-40SH","TORERO OBT-40SH DE 4 NM A 12 NM","TORERO","1","1","10","0","0","sin saldo registrado","retirar el de STEL","el técnico tiene la ficha y el de STEL no tiene historia ni stock"
"PAR_1_A_1","PRO09604","TORERO OBT50SH RECTA DE 7 A 16 NM ENCASTRE 1/4"" HEX","TO.OBT-50SH","TORERO OBT-50SH DE 7 NM A 16 NM","TORERO","1","1","10","0","0","sin saldo registrado","retirar el de STEL","el técnico tiene la ficha y el de STEL no tiene historia ni stock"
"PAR_1_A_1","PRO09605","TORERO OBT60SH RECTA DE 20 A 32 NM ENCASTRE 1/4"" HEX","TO.OBT-60SH","TORERO OBT-60SH DE 16 NM A 32 NM","TORERO","1","1","10","0","0","sin saldo registrado","retirar el de STEL","el técnico tiene la ficha y el de STEL no tiene historia ni stock"
"GRUPO_MUCHOS_A_UNO","PRO09802","TOHNICHI CSPMS12N4X8D TORQUE WRENCH","TC.CSPMS12N4X8D","TOHNICHI CSPMS12N4X8D TORQUE WRENCH","TOHNICHI","2","1","3","0","0","sin saldo registrado","NO APLICAR - revisar a mano","2 productos distintos apuntan al mismo canonico: casi seguro son piezas o accesorios que nombran su maquina"
"PAR_1_A_1","PRO09901","DUROFIX RV2052-WR8 Pistola 1 a 8 Nm 50 - 1200rpm Transductor Digital","DU.RV2052-WR8","DUROFIX RV2052-WR8 - Herramienta de precisión","DUROFIX","1","1","7","1","0","sin saldo registrado","retirar el de STEL","el técnico tiene la ficha; el de STEL tiene 1 documento(s) y hay que conservarlos"
"PAR_1_A_1","PRO09902","DUROFIX RV2052-WR18 Pistola 3 a 18 Nm 50 - 800rpm Transductor Digital","DU.RV2052-WR18","DUROFIX RV2052-WR18 - Herramienta de precisión","DUROFIX","1","1","7","0","0","sin saldo registrado","retirar el de STEL","el técnico tiene la ficha y el de STEL no tiene historia ni stock"
"PAR_1_A_1","PRO10042","TOHNICHI SH8DX21 CABEZA 21MM","TC.SH8DX21","TOHNICHI SH8DX21 OPEN END HEAD","TOHNICHI","1","1","3","0","0","sin saldo registrado","retirar el de STEL","el técnico tiene la ficha y el de STEL no tiene historia ni stock"
"PAR_1_A_1","PRO10115","TORERO OBT-90PD PISTOLA DE 40 A 80 NM","TO.OBT-90PD","TORERO OBT-90PD DE 42 NM A 85 NM","TORERO","1","1","10","3","0","sin saldo registrado","retirar el de STEL","el técnico tiene la ficha; el de STEL tiene 3 documento(s) y hay que conservarlos"
"GRUPO_MUCHOS_A_UNO","PRO10579","TOHNICHI QSP50N3 TORQUE WRENCH  10 A  50 NM","TC.QSP50N3","TOHNICHI QSP50N3 TORQUE WRENCH","TOHNICHI","6","1","3","4","1","2","NO APLICAR - revisar a mano","6 productos distintos apuntan al mismo canonico: casi seguro son piezas o accesorios que nombran su maquina"
"PAR_1_A_1","PRO10926","TORERO OBN-90PD PISTOLA DE 40 A 80 NM","TO.OBN-90PD","TORERO OBN-90PD DE 90 NM A 110 NM","TORERO","1","1","10","0","1","10","revisar: tiene stock","el técnico tiene la ficha, pero el de STEL tiene SALDO de stock"
"PAR_1_A_1","PRO10941","DUROFIX DR001 I/O RECIIVER","DU.DR001","DUROFIX DR001 - Receptor / Controlador PLC","DUROFIX","1","1","6","0","0","sin saldo registrado","retirar el de STEL","el técnico tiene la ficha y el de STEL no tiene historia ni stock"
"PAR_1_A_1","PRO11361","APEX EX-255-3 Apex 1/4'' Square Drive Extension","AP.EX-255-3","APEX EX-255-3 EXTENSION","APEX","1","1","9","0","0","sin saldo registrado","retirar el de STEL","el técnico tiene la ficha y el de STEL no tiene historia ni stock"
"PAR_1_A_1","PRO11395","APEX 27MM15D","AP.27MM15-D","APEX 27MM15-D EMBOCADURA","APEX","1","1","7","0","0","sin saldo registrado","retirar el de STEL","el técnico tiene la ficha y el de STEL no tiene historia ni stock"
"PAR_1_A_1","PRO11403","DUROFIX DR002 I/O BOX 1 A 10","DU.DR002","DUROFIX DR002 - Receptor / Controlador PLC","DUROFIX","1","1","6","0","0","sin saldo registrado","retirar el de STEL","el técnico tiene la ficha y el de STEL no tiene historia ni stock"
"PAR_1_A_1","PRO11816","APEX PHILLIPS 491-PZDX PZD1x50x1/4"" HEX.","AP.491-PZDX","APEX 491-PZDX PUNTA","APEX","1","1","9","0","0","sin saldo registrado","retirar el de STEL","el técnico tiene la ficha y el de STEL no tiene historia ni stock"
"PAR_1_A_1","PRO12014","TOHNICHI DB12N5-S TORQUIMETRO DE MEDICION","TC.DB12N5-S","TOHNICHI DB12N5-S TORQUE WRENCH","TOHNICHI","1","1","3","0","1","1","revisar: tiene stock","el técnico tiene la ficha, pero el de STEL tiene SALDO de stock"
"PAR_1_A_1","PRO12186","INGERSOLL RAND 47507874001 CHARGER, 12V/20V, EU","IR.47507874001","INGERSOLL RAND 47507874001 CHARGER, 12V/20V, EU","INGERSOLL RAND","1","1","3","0","0","sin saldo registrado","retirar el de STEL","el técnico tiene la ficha y el de STEL no tiene historia ni stock"
"PAR_1_A_1","PRO12190","INGERSOLL RAND 92073956 BALANCER BLD-1.","IR.92073956","INGERSOLL RAND 92073956 BALANCER BLD-1.","INGERSOLL RAND","1","1","3","0","0","sin saldo registrado","retirar el de STEL","el técnico tiene la ficha y el de STEL no tiene historia ni stock"
"PAR_1_A_1","PRO12191","INGERSOLL RAND 92073964 BALANCER BLD-2.","IR.92073964","INGERSOLL RAND 92073964 BALANCER BLD-2.","INGERSOLL RAND","1","1","3","0","0","sin saldo registrado","retirar el de STEL","el técnico tiene la ficha y el de STEL no tiene historia ni stock"
"PAR_1_A_1","PRO12192","INGERSOLL RAND 92073972 BALANCER BLD-3.","IR.92073972","INGERSOLL RAND 92073972 BALANCER BLD-3.","INGERSOLL RAND","1","1","3","1","0","sin saldo registrado","retirar el de STEL","el técnico tiene la ficha; el de STEL tiene 1 documento(s) y hay que conservarlos"
"PAR_1_A_1","PRO12193","INGERSOLL RAND IQI-CABLE-2M IQI cable 2 meter","IR.IQI-CABLE-2M","INGERSOLL RAND IQI-CABLE-2M IQI cable 2 meter","INGERSOLL RAND","1","1","3","0","0","sin saldo registrado","retirar el de STEL","el técnico tiene la ficha y el de STEL no tiene historia ni stock"
"PAR_1_A_1","PRO12194","INGERSOLL RAND IQI-CABLE-5M IQI cable 5 meter","IR.IQI-CABLE-5M","INGERSOLL RAND IQI-CABLE-5M IQI cable 5 meter","INGERSOLL RAND","1","1","3","0","0","sin saldo registrado","retirar el de STEL","el técnico tiene la ficha y el de STEL no tiene historia ni stock"
"PAR_1_A_1","PRO12195","INGERSOLL RAND IQI-PS-1 IQI 200W Power Adapter","IR.IQI-PS-1","INGERSOLL RAND IQI-PS-1 IQI 200W Power Adapter","INGERSOLL RAND","1","1","3","0","0","sin saldo registrado","retirar el de STEL","el técnico tiene la ficha y el de STEL no tiene historia ni stock"
"PAR_1_A_1","PRO12196","INGERSOLL RAND IQI-PS-2 IQI 400W Power","IR.IQI-PS-2","INGERSOLL RAND IQI-PS-2 IQI 400W Power","INGERSOLL RAND","1","1","3","0","0","sin saldo registrado","retirar el de STEL","el técnico tiene la ficha y el de STEL no tiene historia ni stock"
"PAR_1_A_1","PRO12197","INGERSOLL RAND IQI11-FM IQI series controller with fieldbus and MES","IR.IQI11-FM","INGERSOLL RAND IQI11-FM IQI series controller with fieldbus and MES","INGERSOLL RAND","1","1","3","0","0","sin saldo registrado","retirar el de STEL","el técnico tiene la ficha y el de STEL no tiene historia ni stock"
"PAR_1_A_1","PRO12198","INGERSOLL RAND IQI2LT0250PQ4 IQI Transducerized, Push to start -1/4"" Quick Change","IR.IQI2LT0250PQ4","INGERSOLL RAND IQI2LT0250PQ4 IQI Transducerized, Push to start -1/4"" Quick Change","INGERSOLL RAND","1","1","3","0","0","sin saldo registrado","retirar el de STEL","el técnico tiene la ficha y el de STEL no tiene historia ni stock"
"PAR_1_A_1","PRO12199","INGERSOLL RAND MTC-SW-BS-1-EU MTC-SW-BS-1-EUMTC ACTIVATION, 1 TOOL ADD ON SOFTWARE PACKAGE","IR.MTC-SW-BS-1-EU","INGERSOLL RAND MTC-SW-BS-1-EU MTC-SW-BS-1-EUMTC ACTIVATION, 1 TOOL ADD ON SOFTWARE PACKAGE","INGERSOLL RAND","1","1","3","0","0","sin saldo registrado","retirar el de STEL","el técnico tiene la ficha y el de STEL no tiene historia ni stock"
"PAR_1_A_1","PRO12200","INGERSOLL RAND MTC-SW-OPT4-EU SOFTWARE LICENSE PACKAGE 4 TOOLS","IR.MTC-SW-OPT4-EU","INGERSOLL RAND MTC-SW-OPT4-EU SOFTWARE LICENSE PACKAGE 4 TOOLS","INGERSOLL RAND","1","1","3","0","0","sin saldo registrado","retirar el de STEL","el técnico tiene la ficha y el de STEL no tiene historia ni stock"
"PAR_1_A_1","PRO12201","INGERSOLL RAND 01380294 QA1L08C4LD Q2 NUTRUNNER W/ E-CHIP","IR.QA1L08C4LD","INGERSOLL RAND 01380294 QA1L08C4LD Q2 NUTRUNNER W/ E-CHIP","INGERSOLL RAND","1","1","3","0","0","sin saldo registrado","retirar el de STEL","el técnico tiene la ficha y el de STEL no tiene historia ni stock"
"PAR_1_A_1","PRO12202","INGERSOLL RAND QCP2A30S6-K2-EU CORDLESS CLUTCH PROGRAMMABLE 30 NM ANGLE - 3/8"" SQUARE DR BAT KIT","IR.QCP2A30S6-K2-EU","INGERSOLL RAND QCP2A30S6-K2-EU CORDLESS CLUTCH PROGRAMMABLE 30 NM ANGLE - 3/8"" SQUARE DR BAT KIT","INGERSOLL RAND","1","1","3","0","0","sin saldo registrado","retirar el de STEL","el técnico tiene la ficha y el de STEL no tiene historia ni stock"
"PAR_1_A_1","PRO12203","INGERSOLL RAND QCP2P02Q4-K2-EU CORDLESS CLUTCH PROGRAMMABLE 2 NM PISTOL - 1/4"" QUICK-CHANGE BAT KIT","IR.QCP2P02Q4-K2-EU","INGERSOLL RAND QCP2P02Q4-K2-EU CORDLESS CLUTCH PROGRAMMABLE 2 NM PISTOL - 1/4"" QUICK-CHANGE BAT KIT","INGERSOLL RAND","1","1","3","0","0","sin saldo registrado","retirar el de STEL","el técnico tiene la ficha y el de STEL no tiene historia ni stock"
"PAR_1_A_1","PRO12204","INGERSOLL RAND QCP2P04Q4-K2-EU CORDLESS CLUTCH PROGRAMMABLE 4 NM PISTOL - 1/4"" QUICK-CHANGE BAT KIT","IR.QCP2P04Q4-K2-EU","INGERSOLL RAND QCP2P04Q4-K2-EU CORDLESS CLUTCH PROGRAMMABLE 4 NM PISTOL - 1/4"" QUICK-CHANGE BAT KIT","INGERSOLL RAND","1","1","3","0","0","sin saldo registrado","retirar el de STEL","el técnico tiene la ficha y el de STEL no tiene historia ni stock"
"PAR_1_A_1","PRO12205","INGERSOLL RAND QCP2P12Q4-K2-EU CORDLESS CLUTCH PROGRAMMABLE 12 NM PISTOL - 1/4"" QUICK-CHANGE BAT KIT","IR.QCP2P12Q4-K2-EU","INGERSOLL RAND QCP2P12Q4-K2-EU CORDLESS CLUTCH PROGRAMMABLE 12 NM PISTOL - 1/4"" QUICK-CHANGE BAT KIT","INGERSOLL RAND","1","1","3","0","0","sin saldo registrado","retirar el de STEL","el técnico tiene la ficha y el de STEL no tiene historia ni stock"
"PAR_1_A_1","PRO12209","INGERSOLL RAND QXXD2AT027ES06 QX, IEEE 802.15.4, DISPLAY, 20V ANGLE 27 NM ETS SQUARE 3/8 INCH","IR.QXXD2AT027ES06","INGERSOLL RAND QXXD2AT027ES06 QX, IEEE 802.15.4, DISPLAY, 20V ANGLE 27 NM ETS SQUARE 3/8 INCH","INGERSOLL RAND","1","1","3","0","0","sin saldo registrado","retirar el de STEL","el técnico tiene la ficha y el de STEL no tiene historia ni stock"
"PAR_1_A_1","PRO12211","INGERSOLL RAND RTS025PQ4  RTS 25Nm - 1/4"" Quick Change","IR.RTS025PQ4","INGERSOLL RAND RTS025PQ4  RTS 25Nm - 1/4"" Quick Change","INGERSOLL RAND","1","1","3","0","0","sin saldo registrado","retirar el de STEL","el técnico tiene la ficha y el de STEL no tiene historia ni stock"
"PAR_1_A_1","PRO12212","INGERSOLL RAND RTS060PS6  RTS 60Nm - 3/8"" Pin Retainer","IR.RTS060PS6","INGERSOLL RAND RTS060PS6  RTS 60Nm - 3/8"" Pin Retainer","INGERSOLL RAND","1","1","3","0","0","sin saldo registrado","retirar el de STEL","el técnico tiene la ficha y el de STEL no tiene historia ni stock"
"PAR_1_A_1","PRO12535","APEX 13MM15","AP.13MM15","APEX 13MM15 EMBOCADURA","APEX","1","1","9","0","1","4","revisar: tiene stock","el técnico tiene la ficha, pero el de STEL tiene SALDO de stock"
"PAR_1_A_1","PRO12537","APEX TX-5416 E-16","AP.TX-5416","APEX TX-5416 EMBOCADURA","APEX","1","1","9","0","1","1","revisar: tiene stock","el técnico tiene la ficha, pero el de STEL tiene SALDO de stock"
"PAR_1_A_1","PRO12542","APEX 16MM25","AP.16MM25","APEX 16MM25 EMBOCADURA","APEX","1","1","9","0","1","2","revisar: tiene stock","el técnico tiene la ficha, pero el de STEL tiene SALDO de stock"
"PAR_1_A_1","PRO12543","APEX 13MM25","AP.13MM25","APEX 13MM25 EMBOCADURA","APEX","1","1","9","0","1","3","revisar: tiene stock","el técnico tiene la ficha, pero el de STEL tiene SALDO de stock"
"PAR_1_A_1","PRO12593","APEX MF-37 3/8'' Square Drive Universal Adapter","AP.MF-37","APEX MF-37 ADAPTADOR","APEX","1","1","9","1","0","sin saldo registrado","retirar el de STEL","el técnico tiene la ficha; el de STEL tiene 1 documento(s) y hay que conservarlos"