duplicate_product_id,duplicate_sku,duplicate_name,duplicate_brand,duplicate_status,canonical_product_id,canonical_sku,canonical_name,canonical_brand,canonical_status,match_basis,manufacturer_part_number_detected,technical_model_detected,duplicate_stock_real,duplicate_stock_virtual,duplicate_quote_lines,duplicate_order_lines,duplicate_delivery_lines,canonical_stock_real,canonical_stock_virtual,canonical_has_attributes,canonical_attribute_count,canonical_has_image,canonical_has_catalog_page,risk,confidence,reason,recommended_action
"f6b8a4b5-4d7a-4915-8d37-4dcd543052e7","B2036LA-2","DUROFIX Bateria 20V 4 Ah Cod. B2036LA-2","","active","96e81bcc-36a2-41eb-b06f-963363c1ae6e","DU.B2036LA-2","DUROFIX B2036LA-2 - Batería Li-Ion","DUROFIX","active","sku_identico_sin_prefijo","B2036LA2","B2036LA-2","sin saldo registrado","sin saldo registrado","2","1","1","sin saldo registrado","sin saldo registrado","si","6","si","si","bajo-con-historia","0.98","1:1; sku_identico_sin_prefijo; el canónico tiene mejor ficha (6 vs 0) y está activo · el duplicado no tiene saldo de stock · 4 línea(s) histórica(s) lo nombran","SAFE_TO_MERGE"
"ca911ca6-af01-4bf3-b990-4aac0b74e3dd","FM.REP.BC12_ST","FIAM ARM BC12 SISTEMA TELESCOPICO","","active","05a24ad5-ef73-48fa-9b64-42d3f16ec3d5","FI.BC12","FIAM ARM BC12 BRAZO DE REACCION Cod.692031031","FIAM","active","referencia_en_el_nombre","BC12","FI.BC12","sin saldo registrado","sin saldo registrado","1","0","0","sin saldo registrado","sin saldo registrado","no","0","no","no","alto","0","sólo uno de los dos se declara repuesto (REP en el SKU)","DO_NOT_MERGE"
"6913cd70-26eb-4068-b2a1-55595b5b303c","PRO00247","ESTIC EH2-CVS05-SS Cable 5 Mtrs","","active","cbb569a9-8b1f-4ec5-bdc5-6b598e9e35bf","ET.EH2-CVS05-SS","ESTIC EH2-CVS05-SS TOOL CABLE 5M","ESTIC","active","referencia_en_el_nombre","EH2CVS05SS","ET.EH2-CVS05-SS","sin saldo registrado","sin saldo registrado","1","1","1","sin saldo registrado","sin saldo registrado","no","0","no","no","bajo-con-historia","0.78","1:1; referencia_en_el_nombre; el canónico tiene mejor ficha (3 vs 1) y está activo · el duplicado no tiene saldo de stock · 3 línea(s) histórica(s) lo nombran","SAFE_TO_MERGE"
"17ec9daa-34f4-49d4-b81d-70f7935c1930","PRO00249","APEX EX-508-18","","active","b8161057-7d3b-4368-97ed-34c12a1a12b5","AP.EX-508-18","APEX EX-508-18 EXTENSION","APEX","active","referencia_en_el_nombre","EX50818","EX-508-18","sin saldo registrado","sin saldo registrado","0","0","0","sin saldo registrado","sin saldo registrado","si","2","si","si","bajo","0.83","1:1; referencia_en_el_nombre; el canónico tiene mejor ficha (9 vs 1) y está activo · el duplicado no tiene saldo de stock · sin historia comercial","SAFE_TO_MERGE"
"35f30177-49ca-45ac-b9c1-7de2da62c9a4","PRO00331","INGERSOLL RAND BC1121-EU CARGADOR PARA BATERIAS 20V","","active","bf9d32c0-7b31-4855-ab52-e8b0e4e490a3","IR.BC1121-EU","INGERSOLL RAND BC1121-EU CHARGER, 12V/20V, EU","INGERSOLL RAND","active","referencia_en_el_nombre","BC1121EU","IR.BC1121-EU","sin saldo registrado","sin saldo registrado","1","0","0","1","1","no","0","no","no","medio","0","un nombre dice «PARA/COMPATIBLE»: verificar que no sea un accesorio","REVIEW"
"427d8397-e2f8-4480-9861-96747cd0798f","PRO00334","INGERSOLL RAND QXX2PT500NPS12 PISTOLA A BATERIA 500NM","","active","c3eb2e0e-415c-4241-88d0-735eafe403fd","IR.QXX2PT500NPS12","INGERSOLL RAND QXX2PT500NPS12 500NM QX PISTOL, 3/4"" SQ. WIRELESS","INGERSOLL RAND","active","referencia_en_el_nombre","QXX2PT500NPS12","IR.QXX2PT500NPS12","sin saldo registrado","sin saldo registrado","0","0","0","sin saldo registrado","sin saldo registrado","no","0","no","no","bajo","0.78","1:1; referencia_en_el_nombre; el canónico tiene mejor ficha (3 vs 1) y está activo · el duplicado no tiene saldo de stock · sin historia comercial","SAFE_TO_MERGE"
"91930103-11c6-4a93-9be9-d5761db5e9de","PRO00336","INGERSOLL RAND QXX5A45T0270PS12 ANGULAR A BATERIA 271NM","","active","00a1a0b9-6e46-4ec7-a550-6aaf32b46a9f","IR.QXX5A45T0270PS12","INGERSOLL RAND QXX5A45T0270PS12 QX WIRELESS 40V 60NM MULTIPLIED 270 NM","INGERSOLL RAND","active","referencia_en_el_nombre","QXX5A45T0270PS12","IR.QXX5A45T0270PS12","sin saldo registrado","sin saldo registrado","0","0","0","sin saldo registrado","sin saldo registrado","no","0","no","no","bajo","0.78","1:1; referencia_en_el_nombre; el canónico tiene mejor ficha (3 vs 1) y está activo · el duplicado no tiene saldo de stock · sin historia comercial","SAFE_TO_MERGE"
"b252e341-7ca8-42ad-8339-88483456e656","PRO00337","INGERSOLL RAND QXX2PT04PQ4 PISTOLA A BATERIA 4.0NM","","active","c1e56321-2251-4c94-8ee2-112f01dd8147","IR.QXX2PT04PQ4","INGERSOLL RAND QXX2PT04PQ4 4NM PISTOL, QUICK CHANGE, WIRELESS","INGERSOLL RAND","active","referencia_en_el_nombre","QXX2PT04PQ4","IR.QXX2PT04PQ4","sin saldo registrado","sin saldo registrado","0","0","0","sin saldo registrado","sin saldo registrado","no","0","no","no","bajo","0.78","1:1; referencia_en_el_nombre; el canónico tiene mejor ficha (3 vs 1) y está activo · el duplicado no tiene saldo de stock · sin historia comercial","SAFE_TO_MERGE"
"df9667e6-131b-4417-b3e5-29371d5a9b95","PRO00338","INGERSOLL RAND QXX2PT18PQ4 PISTOLA A BATERIA 18NM","","active","f10e04ba-4262-46b9-89c6-c5d435efb8b9","IR.QXX2PT18PQ4","INGERSOLL RAND QXX2PT18PQ4 18NM PISTOL, QUICK CHANGE, WIRELESS","INGERSOLL RAND","active","referencia_en_el_nombre","QXX2PT18PQ4","IR.QXX2PT18PQ4","sin saldo registrado","sin saldo registrado","0","0","0","sin saldo registrado","sin saldo registrado","no","0","no","no","bajo","0.78","1:1; referencia_en_el_nombre; el canónico tiene mejor ficha (3 vs 1) y está activo · el duplicado no tiene saldo de stock · sin historia comercial","SAFE_TO_MERGE"
"2f608064-d177-4516-9741-bb40e5ad158b","PRO00340","INGERSOLL RAND QXC2PT200NPS12 PISTOLA A BATERIA 148NM","","active","620357b4-3f83-4225-8667-1cc1d4083412","IR.QXC2PT200NPS12","INGERSOLL RAND QXC2PT200NPS12 200NM QX PISTOL, 3/4"" SQ. USB ONLY","INGERSOLL RAND","active","referencia_en_el_nombre","QXC2PT200NPS12","IR.QXC2PT200NPS12","sin saldo registrado","sin saldo registrado","0","0","0","sin saldo registrado","sin saldo registrado","no","0","no","no","medio","0","mismo part number pero las medidas del texto no coinciden (NM: 148–148 vs 200–200): una de las dos fichas está mal","REVIEW"
"2a39a0a1-9930-4dd2-a2ce-6d6a6c2dfe0f","PRO00406","APEX 3156mm / 315-6MM Allen 6MM 5/16","","active","5159b7a3-c4be-450c-b18f-a6b4d15888cd","AP.315-6MM","APEX 315-6MM EMBOCADURA","APEX","active","referencia_en_el_nombre","3156MM","315-6MM","sin saldo registrado","sin saldo registrado","0","0","0","sin saldo registrado","sin saldo registrado","si","3","si","si","bajo","0.83","1:1; referencia_en_el_nombre; el canónico tiene mejor ficha (9 vs 1) y está activo · el duplicado no tiene saldo de stock · sin historia comercial","SAFE_TO_MERGE"
"ff8193ce-9ff5-46ba-98a6-c030399f8d3c","PRO00434","TOHNICHI CEM100N3X15D-G","","active","a3804dca-b2f0-46a5-9975-d2b2e5dd7b4c","TC.CEM100N3X15D-G","TOHNICHI CEM100N3X15D-G DIGITAL TORQUE WRENCH","TOHNICHI","active","referencia_en_el_nombre","CEM100N3X15DG","TC.CEM100N3X15D-G","sin saldo registrado","sin saldo registrado","0","0","0","sin saldo registrado","sin saldo registrado","no","0","no","no","bajo","0.78","1:1; referencia_en_el_nombre; el canónico tiene mejor ficha (3 vs 1) y está activo · el duplicado no tiene saldo de stock · sin historia comercial","SAFE_TO_MERGE"
"68051f1a-0a5e-4881-b981-29180cabd064","PRO03895","ESTIC EH2-R1016-S Recta de 4 a 16NM","","active","1244b3d3-a710-48bf-a03a-e27f025f1a93","ET.EH2-R1016-S","ESTIC EH2-R1016-S STRAIGHT TOOL 16NM","ESTIC","active","referencia_en_el_nombre","EH2R1016S","ET.EH2-R1016-S","sin saldo registrado","sin saldo registrado","0","0","0","sin saldo registrado","sin saldo registrado","no","0","no","no","bajo","0.78","1:1; referencia_en_el_nombre; el canónico tiene mejor ficha (3 vs 1) y está activo · el duplicado no tiene saldo de stock · sin historia comercial","SAFE_TO_MERGE"
"f1029daf-9eeb-476c-83c5-7fb94d84501e","PRO03901","TOHNICHI PCL25Nx10D 5 - 25NM","","active","7a8bf032-29fa-43cb-a280-cbf59faac4ef","TC.PCL25NX10D","TOHNICHI PCL25NX10D TORQUE WRENCH","TOHNICHI","active","referencia_en_el_nombre","PCL25NX10D","TC.PCL25NX10D","sin saldo registrado","sin saldo registrado","0","0","0","sin saldo registrado","sin saldo registrado","no","0","no","no","bajo","0.78","1:1; referencia_en_el_nombre; el canónico tiene mejor ficha (3 vs 1) y está activo · el duplicado no tiene saldo de stock · sin historia comercial","SAFE_TO_MERGE"
"39b72018-11b3-42db-b326-c82e2b1654bb","PRO03921","APEX 30MM15-D Apex 30mm 12-Point Metric Standard Socket, 1/2'' Square Drive","","active","abf38325-164b-4011-a659-afca857c4a9c","AP.30MM15D","APEX 30MM15-D EMBOCADURA","APEX","active","referencia_en_el_nombre","30MM15D","30MM15D","sin saldo registrado","sin saldo registrado","0","0","0","3","3","si","3","no","no","bajo","0.83","1:1; referencia_en_el_nombre; el canónico tiene mejor ficha (7 vs 1) y está activo · el duplicado no tiene saldo de stock · sin historia comercial","SAFE_TO_MERGE"
"470af4d3-9a5d-42b8-9807-2661e337aa22","PRO04059","TOHNICHI SH8DX17 CABEZA 17MM","","active","f5cd10e6-bf39-4608-a655-74b965c6185e","TC.SH8DX17","TOHNICHI SH8DX17 OPEN END HEAD","TOHNICHI","active","referencia_en_el_nombre","SH8DX17","TC.SH8DX17","sin saldo registrado","sin saldo registrado","0","0","0","sin saldo registrado","sin saldo registrado","no","0","no","no","bajo","0.78","1:1; referencia_en_el_nombre; el canónico tiene mejor ficha (3 vs 1) y está activo · el duplicado no tiene saldo de stock · sin historia comercial","SAFE_TO_MERGE"
"3666f693-5931-417c-9146-0bfd9fb12eba","PRO04635","TOHNICHI CEM10N3X8D-G Torquimetro Digital","","active","cf7106ea-abf4-4fbc-ab71-0c8953c71e7c","TC.CEM10N3X8D-G","TOHNICHI CEM10N3X8D-G DIGITAL TORQUE WRENCH","TOHNICHI","active","referencia_en_el_nombre","CEM10N3X8DG","TC.CEM10N3X8D-G","sin saldo registrado","sin saldo registrado","0","0","0","sin saldo registrado","sin saldo registrado","no","0","no","no","bajo","0.78","1:1; referencia_en_el_nombre; el canónico tiene mejor ficha (3 vs 1) y está activo · el duplicado no tiene saldo de stock · sin historia comercial","SAFE_TO_MERGE"
"bede03ad-6e73-4dcf-b09c-3ecb9cf0ee28","PRO04638","INGERSOLL RAND QXC2PT500NPS12 PISTOLA A BATERIA 500NM","","active","f26c1220-e8f9-4f7d-be34-6b593806600d","IR.QXC2PT500NPS12","INGERSOLL RAND QXC2PT500NPS12 500NM QX PISTOL, 3/4"" SQ. USB ONLY","INGERSOLL RAND","active","referencia_en_el_nombre","QXC2PT500NPS12","IR.QXC2PT500NPS12","sin saldo registrado","sin saldo registrado","0","0","0","sin saldo registrado","sin saldo registrado","no","0","no","no","bajo","0.78","1:1; referencia_en_el_nombre; el canónico tiene mejor ficha (3 vs 1) y está activo · el duplicado no tiene saldo de stock · sin historia comercial","SAFE_TO_MERGE"
"2dc47053-7483-414f-9c5f-28214c26f41f","PRO04779","TORERO OBN-30PD PISTOLA DE 6 A 14 NM ENCASTRE 3/8"" SQ","","active","d9bb5219-b657-4852-9946-ac6d08d406c7","TO.OBN-30PD","TORERO OBN-30PD DE 6 NM A 12 NM","TORERO","active","referencia_en_el_nombre","OBN30PD","OBN-30PD","sin saldo registrado","sin saldo registrado","0","0","0","sin saldo registrado","sin saldo registrado","si","8","si","no","bajo","0.83","1:1; referencia_en_el_nombre; el canónico tiene mejor ficha (10 vs 1) y está activo · el duplicado no tiene saldo de stock · sin historia comercial","SAFE_TO_MERGE"
"7f0ec2e5-8daf-44f0-8961-bb7c65daf441","PRO04780","TORERO OBN-50PH PISTOLA DE 18 A 28 NM ENCASTRE 1/4"" HEX","","active","49b401c1-649c-43c8-9270-5e34cc21160d","TO.OBN-50PH","TORERO OBN-50PH DE 22 NM A 35 NM","TORERO","active","referencia_en_el_nombre","OBN50PH","OBN-50PH","sin saldo registrado","sin saldo registrado","1","1","1","sin saldo registrado","sin saldo registrado","si","8","si","no","bajo-con-historia","0.83","1:1; referencia_en_el_nombre; el canónico tiene mejor ficha (10 vs 1) y está activo · el duplicado no tiene saldo de stock · 3 línea(s) histórica(s) lo nombran","SAFE_TO_MERGE"
"4d7162f9-5f86-4d1e-87cb-32298cb41bac","PRO04782","TORERO OBN-40PD PISTOLA DE 11 A 20 NM ENCASTRE 3/8"" SQ.","","active","0dfbd74d-b7ac-40a2-9de8-870fdc101047","TO.OBN-40PD","TORERO OBN-40PD DE 13 NM A 22 NM","TORERO","active","referencia_en_el_nombre","OBN40PD","OBN-40PD","sin saldo registrado","sin saldo registrado","0","0","0","sin saldo registrado","sin saldo registrado","si","8","si","no","bajo","0.83","1:1; referencia_en_el_nombre; el canónico tiene mejor ficha (10 vs 1) y está activo · el duplicado no tiene saldo de stock · sin historia comercial","SAFE_TO_MERGE"
"d5784a15-fe09-47b5-8b6b-24fc29114832","PRO04783","TORERO OBN-50SD RECTO DE 18 A 25 NM ENCASTRE 3/8"" SQ","","active","7c31fd49-05a7-462b-bb6c-257ad6611145","TO.OBN-50SD","TORERO OBN-50SD DE 22 NM A 35 NM","TORERO","active","referencia_en_el_nombre","OBN50SD","OBN-50SD","sin saldo registrado","sin saldo registrado","0","0","0","sin saldo registrado","sin saldo registrado","si","8","si","no","bajo","0.83","1:1; referencia_en_el_nombre; el canónico tiene mejor ficha (10 vs 1) y está activo · el duplicado no tiene saldo de stock · sin historia comercial","SAFE_TO_MERGE"
"1ae8206f-9ed4-42e1-bac5-f009cbf105d2","PRO04794","TORERO OBN-50SH RECTO DE 18 A 25 NM","","active","c3dd149d-7ede-4853-b4b5-0a62c3ec944e","TO.OBN-50SH","TORERO OBN-50SH DE 18 NM A 30 NM","TORERO","active","referencia_en_el_nombre","OBN50SH","OBN-50SH","sin saldo registrado","sin saldo registrado","0","0","0","sin saldo registrado","sin saldo registrado","si","8","si","no","bajo","0.83","1:1; referencia_en_el_nombre; el canónico tiene mejor ficha (10 vs 1) y está activo · el duplicado no tiene saldo de stock · sin historia comercial","SAFE_TO_MERGE"
"e4797edf-9366-4928-b020-08283e20676e","PRO04873","RIVIT RIV503 JAWS (x3pz) Cod.1250100 Morsetti / Muelas","","active","2f6627cb-cd28-4e66-9a7d-0f1e2d142e3c","RV.RIV503","RIVIT.MAQ RIV503 REMACHADORA HIDRONEUMATICA HASTA D 4,8MM - 4035700","RIVIT","active","referencia_en_el_nombre","RIV503","RV.RIV503","sin saldo registrado","sin saldo registrado","0","0","0","18","18","no","0","no","no","alto","0","un nombre es de un repuesto/accesorio («JAWS»)","DO_NOT_MERGE"
"9ca955cf-616a-4451-a4a9-00e7f86e5e05","PRO05214","TOHNICHI QH22D CABEZA 3/4"" SA.","","active","ba9d7389-812f-420d-890f-9883b1be0cba","TC.QH22D","TOHNICHI QH22D RATCHET HEAD 3/4 sq.dr.","TOHNICHI","active","referencia_en_el_nombre","QH22D","TC.QH22D","sin saldo registrado","sin saldo registrado","0","0","0","sin saldo registrado","sin saldo registrado","no","0","no","no","bajo","0.78","1:1; referencia_en_el_nombre; el canónico tiene mejor ficha (3 vs 1) y está activo · el duplicado no tiene saldo de stock · sin historia comercial","SAFE_TO_MERGE"
"3031f735-b484-4e3a-b04b-1035721be80d","PRO05219","TORERO OBN-70PD PISTOLA DE 40 A 60 NM","","active","40352d16-9abc-4b81-b2f6-34ca351f061c","TO.OBN-70PD","TORERO OBN-70PD DE 50 NM A 70 NM","TORERO","active","referencia_en_el_nombre","OBN70PD","OBN-70PD","sin saldo registrado","sin saldo registrado","0","0","0","sin saldo registrado","sin saldo registrado","si","8","si","no","bajo","0.83","1:1; referencia_en_el_nombre; el canónico tiene mejor ficha (10 vs 1) y está activo · el duplicado no tiene saldo de stock · sin historia comercial","SAFE_TO_MERGE"
"47c266db-0dcc-4bd2-8597-26eb10297e6f","PRO05221","TOHNICHI SH10DX18 CABEZA 18MM","","active","d114fa17-62dd-40b8-a227-4ba959209ac4","TC.SH10DX18","TOHNICHI SH10DX18 OPEN END HEAD","TOHNICHI","active","referencia_en_el_nombre","SH10DX18","TC.SH10DX18","sin saldo registrado","sin saldo registrado","0","0","0","sin saldo registrado","sin saldo registrado","no","0","no","no","bajo","0.78","1:1; referencia_en_el_nombre; el canónico tiene mejor ficha (3 vs 1) y está activo · el duplicado no tiene saldo de stock · sin historia comercial","SAFE_TO_MERGE"
"26043c7d-998e-4d98-ac9c-bd9ea30dcee1","PRO05223","TOHNICHI CSP100N3X15D","","active","615f7fb8-c761-4b41-b01a-b0fd301dc13c","TC.CSP100N3X15D","TOHNICHI CSP100N3X15D TORQUE WRENCH","TOHNICHI","active","referencia_en_el_nombre","CSP100N3X15D","TC.CSP100N3X15D","sin saldo registrado","sin saldo registrado","0","0","0","sin saldo registrado","sin saldo registrado","no","0","no","no","bajo","0.78","1:1; referencia_en_el_nombre; el canónico tiene mejor ficha (3 vs 1) y está activo · el duplicado no tiene saldo de stock · sin historia comercial","SAFE_TO_MERGE"
"5fbf3da7-6915-41de-bf1e-5fa2dd2f3a89","PRO05224","TOHNICHI SH15DX14","","active","76bcb5dc-01c1-45b4-a1ea-2a38ae4e9791","TC.SH15DX14","TOHNICHI SH15DX14 OPEN END HEAD","TOHNICHI","active","referencia_en_el_nombre","SH15DX14","TC.SH15DX14","sin saldo registrado","sin saldo registrado","0","0","0","sin saldo registrado","sin saldo registrado","no","0","no","no","bajo","0.78","1:1; referencia_en_el_nombre; el canónico tiene mejor ficha (3 vs 1) y está activo · el duplicado no tiene saldo de stock · sin historia comercial","SAFE_TO_MERGE"
"8342e495-8527-4ccd-9c2f-5d51d040073b","PRO05225","TOHNICHI SH10DX10 CABEZA 10MM","","active","b384dfa5-091d-461c-99c0-4d1b174da29f","TC.SH10DX10","TOHNICHI SH10DX10 OPEN END HEAD","TOHNICHI","active","referencia_en_el_nombre","SH10DX10","TC.SH10DX10","sin saldo registrado","sin saldo registrado","0","0","0","sin saldo registrado","sin saldo registrado","no","0","no","no","bajo","0.78","1:1; referencia_en_el_nombre; el canónico tiene mejor ficha (3 vs 1) y está activo · el duplicado no tiene saldo de stock · sin historia comercial","SAFE_TO_MERGE"
"7c69b61a-816b-45c4-9f6b-f5a338c60a41","PRO05226","TOHNICHI RH19DX19 CABEZA CERRADA 19MM","","active","74b8e121-825f-4b61-ac76-21088d119fa5","TC.RH19DX19","TOHNICHI RH19DX19 RING HEAD","TOHNICHI","active","referencia_en_el_nombre","RH19DX19","TC.RH19DX19","sin saldo registrado","sin saldo registrado","0","0","0","sin saldo registrado","sin saldo registrado","no","0","no","no","bajo","0.78","1:1; referencia_en_el_nombre; el canónico tiene mejor ficha (3 vs 1) y está activo · el duplicado no tiene saldo de stock · sin historia comercial","SAFE_TO_MERGE"
"8ad69203-41c6-414e-ac99-ef16ca0007b8","PRO05272","TOHNICHI SH10DX11 CABEZA 11MM","","active","5a56a1d0-ece8-45f3-a515-1b20d2d83a1e","TC.SH10DX11","TOHNICHI SH10DX11 OPEN END HEAD","TOHNICHI","active","referencia_en_el_nombre","SH10DX11","TC.SH10DX11","sin saldo registrado","sin saldo registrado","0","0","0","sin saldo registrado","sin saldo registrado","no","0","no","no","bajo","0.78","1:1; referencia_en_el_nombre; el canónico tiene mejor ficha (3 vs 1) y está activo · el duplicado no tiene saldo de stock · sin historia comercial","SAFE_TO_MERGE"
"266e821b-889e-4df5-b680-736923444765","PRO05273","TOHNICHI SH10DX13 CABEZA 13MM","","active","fc802c3f-68b2-4c7f-a8b5-0c06a8e72ead","TC.SH10DX13","TOHNICHI SH10DX13 OPEN END HEAD","TOHNICHI","active","referencia_en_el_nombre","SH10DX13","TC.SH10DX13","sin saldo registrado","sin saldo registrado","0","0","0","sin saldo registrado","sin saldo registrado","no","0","no","no","bajo","0.78","1:1; referencia_en_el_nombre; el canónico tiene mejor ficha (3 vs 1) y está activo · el duplicado no tiene saldo de stock · sin historia comercial","SAFE_TO_MERGE"
"9ca45516-0404-4b1c-a97d-e30246c3dd60","PRO05299","TORERO LTR-12SH-4 SCREWDRIVER DE 0.4 A 4.2 NM 750RPM","","active","610f1a84-889d-426c-98f4-471cb9962326","TO.LTR-12SH-4","TORERO LTR-12SH-4 DE 0.4 NM A 4.2 NM","TORERO","active","referencia_en_el_nombre","LTR12SH4","LTR-12SH-4","sin saldo registrado","sin saldo registrado","2","1","1","sin saldo registrado","sin saldo registrado","si","8","si","no","bajo-con-historia","0.83","1:1; referencia_en_el_nombre; el canónico tiene mejor ficha (10 vs 1) y está activo · el duplicado no tiene saldo de stock · 4 línea(s) histórica(s) lo nombran","SAFE_TO_MERGE"
"75992df6-390f-4815-a6f2-067ca9e0b266","PRO05445","TOHNICHI SP38NX19 - DE 3,5 A 19,00 NM","","active","f36ecb7b-157d-4a61-832e-11340c7f065a","TOH.SP38NX19","TOHNICHI SP38NX19","TOHNICHI","active","referencia_en_el_nombre","SP38NX19","TOH.SP38NX19","sin saldo registrado","sin saldo registrado","0","0","0","1","1","no","0","no","no","bajo","0.78","1:1; referencia_en_el_nombre; el canónico tiene mejor ficha (3 vs 1) y está activo · el duplicado no tiene saldo de stock · sin historia comercial","SAFE_TO_MERGE"
"909d3f6c-4d66-429b-90c9-2f537b838ab9","PRO05512","APEX 4402X","","active","de60477e-0759-4a68-93e4-6b2a92596584","AP.440-2X","APEX 440-2X PUNTA","APEX","active","referencia_en_el_nombre","4402X","440-2X","sin saldo registrado","sin saldo registrado","0","0","0","sin saldo registrado","sin saldo registrado","si","4","si","si","bajo","0.83","1:1; referencia_en_el_nombre; el canónico tiene mejor ficha (9 vs 1) y está activo · el duplicado no tiene saldo de stock · sin historia comercial","SAFE_TO_MERGE"
"eee82932-107d-4352-a1a8-d4455a88aae4","PRO05687","APEX MB13MM23","","active","63a54513-73ce-4015-bc3e-1ae325b7b84b","AP.MB-13MM23","APEX MB-13MM23 EMBOCADURA","APEX","active","referencia_en_el_nombre","MB13MM23","MB-13MM23","sin saldo registrado","sin saldo registrado","0","0","0","sin saldo registrado","sin saldo registrado","si","3","si","si","bajo","0.83","1:1; referencia_en_el_nombre; el canónico tiene mejor ficha (9 vs 1) y está activo · el duplicado no tiene saldo de stock · sin historia comercial","SAFE_TO_MERGE"
"b13313e2-adb1-4856-97ff-6a3cad4a8b9c","PRO05691","APEX 21MM15","","active","8bef4fc6-c8b9-4ba4-bbeb-af55b625cd72","AP.21MM15","APEX 21MM15 EMBOCADURA","APEX","active","referencia_en_el_nombre","21MM15","21MM15","sin saldo registrado","sin saldo registrado","0","0","0","sin saldo registrado","sin saldo registrado","si","3","si","si","bajo","0.83","1:1; referencia_en_el_nombre; el canónico tiene mejor ficha (9 vs 1) y está activo · el duplicado no tiene saldo de stock · sin historia comercial","SAFE_TO_MERGE"
"352d6db4-69a5-49b0-b841-a86d54baefa7","PRO05697","APEX 50TX08","","active","73316893-956f-41c8-926b-8509975e7e29","AP.50-TX-08","APEX 50-TX-08 PUNTA","APEX","active","referencia_en_el_nombre","50TX08","50-TX-08","sin saldo registrado","sin saldo registrado","0","0","0","sin saldo registrado","sin saldo registrado","si","3","si","si","bajo","0.83","1:1; referencia_en_el_nombre; el canónico tiene mejor ficha (9 vs 1) y está activo · el duplicado no tiene saldo de stock · sin historia comercial","SAFE_TO_MERGE"
"d9aade62-a86a-4cfe-978a-56dafb8c55c6","PRO05699","APEX MDA08","","active","ed71f2ce-7c46-409c-8df7-3e50e01c3656","AP.MDA-08","APEX MDA-08 EMBOCADURA","APEX","active","referencia_en_el_nombre","MDA08","MDA-08","sin saldo registrado","sin saldo registrado","0","0","0","sin saldo registrado","sin saldo registrado","si","3","si","si","bajo","0.83","1:1; referencia_en_el_nombre; el canónico tiene mejor ficha (9 vs 1) y está activo · el duplicado no tiene saldo de stock · sin historia comercial","SAFE_TO_MERGE"
"0594d4cc-1c14-4192-b9cb-6300056c6a28","PRO05702","APEX M4904","","active","7da35686-79cd-4b84-ada6-c79a47c84a8a","AP.M-490-4","APEX M-490-4 PORTAPUNTAS","APEX","active","referencia_en_el_nombre","M4904","M-490-4","sin saldo registrado","sin saldo registrado","0","0","0","sin saldo registrado","sin saldo registrado","si","3","si","si","bajo","0.83","1:1; referencia_en_el_nombre; el canónico tiene mejor ficha (9 vs 1) y está activo · el duplicado no tiene saldo de stock · sin historia comercial","SAFE_TO_MERGE"
"62dde81f-81ca-42b5-9270-8acf28b2c6cc","PRO05708","APEX PHILLIPS 4930AX PH3x70x1/4"" HEX.","","active","82a1f89e-b228-4839-a97e-9eb7a7bc3596","AP.4930-AX","APEX 4930-AX PUNTA","APEX","active","referencia_en_el_nombre","4930AX","4930-AX","sin saldo registrado","sin saldo registrado","0","0","0","sin saldo registrado","sin saldo registrado","si","4","si","si","bajo","0.83","1:1; referencia_en_el_nombre; el canónico tiene mejor ficha (9 vs 1) y está activo · el duplicado no tiene saldo de stock · sin historia comercial","SAFE_TO_MERGE"
"edc674a4-e6b4-450f-9fc7-589680c876d0","PRO05711","APEX EX3768","","active","4422de55-84b0-42a6-9549-6aa40908d041","AP.EX-376-8","APEX EX-376-8 EXTENSION","APEX","active","referencia_en_el_nombre","EX3768","EX-376-8","sin saldo registrado","sin saldo registrado","0","0","0","sin saldo registrado","sin saldo registrado","si","2","si","si","bajo","0.83","1:1; referencia_en_el_nombre; el canónico tiene mejor ficha (9 vs 1) y está activo · el duplicado no tiene saldo de stock · sin historia comercial","SAFE_TO_MERGE"
"add40665-04bf-4c2a-95c3-1d9daa843d34","PRO05712","APEX PHILLIPS 492BX PH2x90x1/4"" HEX.","","active","417d9d7e-40d9-4d9d-91fa-e2cd701cb6fe","AP.492-BX","APEX 492-BX PUNTA","APEX","active","referencia_en_el_nombre","492BX","492-BX","sin saldo registrado","sin saldo registrado","0","0","0","sin saldo registrado","sin saldo registrado","si","4","si","si","bajo","0.83","1:1; referencia_en_el_nombre; el canónico tiene mejor ficha (9 vs 1) y está activo · el duplicado no tiene saldo de stock · sin historia comercial","SAFE_TO_MERGE"
"cec2b668-658e-4ed6-9eef-f32ec9d0545f","PRO05713","APEX 15MM03","","active","1c47b455-06f0-496f-bccc-ee79e2f619ce","AP.15MM03","APEX 15MM03 EMBOCADURA","APEX","active","referencia_en_el_nombre","15MM03","15MM03","sin saldo registrado","sin saldo registrado","0","0","0","sin saldo registrado","sin saldo registrado","si","3","si","si","bajo","0.83","1:1; referencia_en_el_nombre; el canónico tiene mejor ficha (9 vs 1) y está activo · el duplicado no tiene saldo de stock · sin historia comercial","SAFE_TO_MERGE"
"541ac02b-a53d-4639-8ddd-4f61412fb70d","PRO05717","APEX PHILLIPS 491X PH1x50x1/4"" HEX.","","active","abf7baf4-52ec-41f0-8a99-7b00becc86f8","AP.491X","APEX 491X PUNTA","APEX","active","referencia_en_el_nombre","491X","491X","sin saldo registrado","sin saldo registrado","0","0","0","sin saldo registrado","sin saldo registrado","si","4","si","si","bajo","0.83","1:1; referencia_en_el_nombre; el canónico tiene mejor ficha (9 vs 1) y está activo · el duplicado no tiene saldo de stock · sin historia comercial","SAFE_TO_MERGE"
"14beb1fc-7dbb-4bf5-a8dd-de192602e95c","PRO05719","APEX AM6MM","","active","8946591c-5d79-4369-8813-34babf5d52a5","AP.AM-6MM","APEX AM-6MM EMBOCADURA","APEX","active","referencia_en_el_nombre","AM6MM","AM-6MM","sin saldo registrado","sin saldo registrado","0","0","0","sin saldo registrado","sin saldo registrado","si","3","si","si","bajo","0.83","1:1; referencia_en_el_nombre; el canónico tiene mejor ficha (9 vs 1) y está activo · el duplicado no tiene saldo de stock · sin historia comercial","SAFE_TO_MERGE"
"f38492b1-56eb-48cc-94b8-b04e996605f5","PRO05721","APEX MDA-10 5/16","","active","dcb398bb-5664-48c2-8ecc-c2e4cf6c4656","AP.MDA-10","APEX MDA-10 EMBOCADURA","APEX","active","referencia_en_el_nombre","MDA10","MDA-10","sin saldo registrado","sin saldo registrado","0","0","0","sin saldo registrado","sin saldo registrado","si","3","si","si","bajo","0.83","1:1; referencia_en_el_nombre; el canónico tiene mejor ficha (9 vs 1) y está activo · el duplicado no tiene saldo de stock · sin historia comercial","SAFE_TO_MERGE"
"f6bb2edc-a2d9-4d7a-b7a2-a669cdefd4ff","PRO05726","APEX 4401X","","active","36ad4b69-36d3-443f-b869-f65e6c9673e5","AP.440-1X","APEX 440-1X PUNTA","APEX","active","referencia_en_el_nombre","4401X","440-1X","sin saldo registrado","sin saldo registrado","0","0","0","sin saldo registrado","sin saldo registrado","si","4","si","si","bajo","0.83","1:1; referencia_en_el_nombre; el canónico tiene mejor ficha (9 vs 1) y está activo · el duplicado no tiene saldo de stock · sin historia comercial","SAFE_TO_MERGE"
"4ba8ff58-e1a3-4d57-9699-3aae616e7708","PRO05810","TORERO OBN40SH RECTA DE 11 A 20 NM ENCASTRE 1/4"" HEX","","active","d03ad342-e256-4beb-9b50-98d1b4395bbb","TO.OBN-40SH","TORERO OBN-40SH DE 12 NM A 20 NM","TORERO","active","referencia_en_el_nombre","OBN40SH","OBN-40SH","sin saldo registrado","sin saldo registrado","0","0","0","sin saldo registrado","sin saldo registrado","si","8","si","no","bajo","0.83","1:1; referencia_en_el_nombre; el canónico tiene mejor ficha (10 vs 1) y está activo · el duplicado no tiene saldo de stock · sin historia comercial","SAFE_TO_MERGE"
"43144570-bc1f-422d-8cb4-1fa50ba8aad8","PRO05831","APEX 13MM13","","active","0468e9cf-f873-4ceb-813c-14a921afecf6","AP.13MM13","APEX 13MM13 EMBOCADURA","APEX","active","referencia_en_el_nombre","13MM13","13MM13","sin saldo registrado","sin saldo registrado","0","0","0","sin saldo registrado","sin saldo registrado","si","3","si","si","bajo","0.83","1:1; referencia_en_el_nombre; el canónico tiene mejor ficha (9 vs 1) y está activo · el duplicado no tiene saldo de stock · sin historia comercial","SAFE_TO_MERGE"
"cb8dcbd6-b51f-48fb-bf82-c8901ca01bec","PRO05838","APEX EX37612","","active","ec18ff51-bef0-40f4-bbc4-9ae4fa92227e","AP.EX-376-12","APEX EX-376-12 EXTENSION","APEX","active","referencia_en_el_nombre","EX37612","EX-376-12","sin saldo registrado","sin saldo registrado","0","0","0","sin saldo registrado","sin saldo registrado","si","2","si","si","bajo","0.83","1:1; referencia_en_el_nombre; el canónico tiene mejor ficha (9 vs 1) y está activo · el duplicado no tiene saldo de stock · sin historia comercial","SAFE_TO_MERGE"
"04682fea-b046-4818-b534-b246ea513ecd","PRO05920","APEX 10MM13","","active","66436ade-957f-48cc-9fb2-1f8c633123bb","AP.10MM13","APEX 10MM13 EMBOCADURA","APEX","active","referencia_en_el_nombre","10MM13","10MM13","sin saldo registrado","sin saldo registrado","0","0","0","sin saldo registrado","sin saldo registrado","si","3","si","si","bajo","0.83","1:1; referencia_en_el_nombre; el canónico tiene mejor ficha (9 vs 1) y está activo · el duplicado no tiene saldo de stock · sin historia comercial","SAFE_TO_MERGE"
"1498b718-757c-4152-9b9a-1d9a3539b5a0","PRO05992","Tohnichi QL25N5 de 5 a 25 Nm","","active","e259d5f0-fc93-40ce-8cac-df859c31e85b","TC.QL25N5","TOHNICHI QL25N5 Torque Wrench","TOHNICHI","active","referencia_en_el_nombre","QL25N5","TC.QL25N5","sin saldo registrado","sin saldo registrado","0","0","0","sin saldo registrado","sin saldo registrado","no","0","no","no","bajo","0.78","1:1; referencia_en_el_nombre; el canónico tiene mejor ficha (3 vs 1) y está activo · el duplicado no tiene saldo de stock · sin historia comercial","SAFE_TO_MERGE"
"104bb220-fbc4-4891-a70f-d2e3ffa0e8b9","PRO05993","Tohnichi QL50N de 10 a 50 Nm","","active","63160800-91dd-4d13-b8b1-19a97f7f7a74","TC.QL50N","TOHNICHI QL50N TORQUE WRENCH","TOHNICHI","active","referencia_en_el_nombre","QL50N","TC.QL50N","sin saldo registrado","sin saldo registrado","0","0","0","sin saldo registrado","sin saldo registrado","no","0","no","no","bajo","0.78","1:1; referencia_en_el_nombre; el canónico tiene mejor ficha (3 vs 1) y está activo · el duplicado no tiene saldo de stock · sin historia comercial","SAFE_TO_MERGE"
"340b4ef6-2e90-4277-9eff-a9970e99dc46","PRO05994","Tohnichi QL100N4 de 20 a 100 Nm","","active","43991452-8e0d-4261-a6c0-c003c01af6c1","TC.QL100N4","TOHNICHI QL100N4 TORQUE WRENCH","TOHNICHI","active","referencia_en_el_nombre","QL100N4","TC.QL100N4","sin saldo registrado","sin saldo registrado","0","0","0","sin saldo registrado","sin saldo registrado","no","0","no","no","bajo","0.78","1:1; referencia_en_el_nombre; el canónico tiene mejor ficha (3 vs 1) y está activo · el duplicado no tiene saldo de stock · sin historia comercial","SAFE_TO_MERGE"
"e1703d98-5885-49e4-8267-e4f8da49c310","PRO05995","Tohnichi QL200N4 de 40 a 200 Nm","","active","8a4b6913-f70a-4b2d-95ec-57e9a7165c78","TC.QL200N4","TOHNICHI QL200N4 TORQUE WRENCH","TOHNICHI","active","referencia_en_el_nombre","QL200N4","TC.QL200N4","sin saldo registrado","sin saldo registrado","0","0","0","sin saldo registrado","sin saldo registrado","no","0","no","no","bajo","0.78","1:1; referencia_en_el_nombre; el canónico tiene mejor ficha (3 vs 1) y está activo · el duplicado no tiene saldo de stock · sin historia comercial","SAFE_TO_MERGE"
"1bb14b53-3807-4eb7-83c8-d0efabf1a1db","PRO05996","Tohnichi QL420N de 80 a 420 Nm","","active","d0e92374-80c2-41ad-a366-12eb921d2815","TC.QL420N","TOHNICHI QL420N TORQUE WRENCH","TOHNICHI","active","referencia_en_el_nombre","QL420N","TC.QL420N","sin saldo registrado","sin saldo registrado","0","0","0","sin saldo registrado","sin saldo registrado","no","0","no","no","bajo","0.78","1:1; referencia_en_el_nombre; el canónico tiene mejor ficha (3 vs 1) y está activo · el duplicado no tiene saldo de stock · sin historia comercial","SAFE_TO_MERGE"
"e00883ca-05a8-47c2-992b-17bfdf09f6bc","PRO07527","APEX PHILLIPS 492X PH2x50x1/4"" HEX.","","active","8ce9e53c-3c76-4493-a8a2-a567a92cf55f","AP.492X","APEX 492X PUNTA","APEX","active","referencia_en_el_nombre","492X","492X","sin saldo registrado","sin saldo registrado","0","0","0","sin saldo registrado","sin saldo registrado","si","4","si","si","bajo","0.83","1:1; referencia_en_el_nombre; el canónico tiene mejor ficha (9 vs 1) y está activo · el duplicado no tiene saldo de stock · sin historia comercial","SAFE_TO_MERGE"
"72c3557d-3c9d-4fe7-879e-94328f8d18d4","PRO09603","TORERO OBT40SH RECTA DE 5 A 9 NM ENCASTRE 1/4"" HEX","","active","d4c8f47c-c3ca-4a30-9b7c-57ba6308581d","TO.OBT-40SH","TORERO OBT-40SH DE 4 NM A 12 NM","TORERO","active","referencia_en_el_nombre","OBT40SH","OBT-40SH","sin saldo registrado","sin saldo registrado","0","0","0","sin saldo registrado","sin saldo registrado","si","8","si","no","bajo","0.83","1:1; referencia_en_el_nombre; el canónico tiene mejor ficha (10 vs 1) y está activo · el duplicado no tiene saldo de stock · sin historia comercial","SAFE_TO_MERGE"
"9333440d-23a2-41cc-a2ed-b2808236997b","PRO09604","TORERO OBT50SH RECTA DE 7 A 16 NM ENCASTRE 1/4"" HEX","","active","3d40c2cd-1738-4e1b-b738-95cf3911193e","TO.OBT-50SH","TORERO OBT-50SH DE 7 NM A 16 NM","TORERO","active","referencia_en_el_nombre","OBT50SH","OBT-50SH","sin saldo registrado","sin saldo registrado","0","0","0","sin saldo registrado","sin saldo registrado","si","8","si","no","bajo","0.83","1:1; referencia_en_el_nombre; el canónico tiene mejor ficha (10 vs 1) y está activo · el duplicado no tiene saldo de stock · sin historia comercial","SAFE_TO_MERGE"
"a63e6192-2c08-4168-b776-f7deeaadeb22","PRO09605","TORERO OBT60SH RECTA DE 20 A 32 NM ENCASTRE 1/4"" HEX","","active","b3ee57d5-61fb-4282-a1b7-2ae340da77d8","TO.OBT-60SH","TORERO OBT-60SH DE 16 NM A 32 NM","TORERO","active","referencia_en_el_nombre","OBT60SH","OBT-60SH","sin saldo registrado","sin saldo registrado","0","0","0","sin saldo registrado","sin saldo registrado","si","8","si","no","bajo","0.83","1:1; referencia_en_el_nombre; el canónico tiene mejor ficha (10 vs 1) y está activo · el duplicado no tiene saldo de stock · sin historia comercial","SAFE_TO_MERGE"
"d1df3d4f-1e95-4fa9-b7ea-f64d0d8d560c","PRO09901","DUROFIX RV2052-WR8 Pistola 1 a 8 Nm 50 - 1200rpm Transductor Digital","","active","078012fc-7775-4773-a844-8ab52c57f6ca","DU.RV2052-WR8","DUROFIX RV2052-WR8 - Herramienta de precisión","DUROFIX","active","referencia_en_el_nombre","RV2052WR8","RV2052-WR8","sin saldo registrado","sin saldo registrado","1","0","0","sin saldo registrado","sin saldo registrado","si","10","si","si","bajo-con-historia","0.83","1:1; referencia_en_el_nombre; el canónico tiene mejor ficha (7 vs 1) y está activo · el duplicado no tiene saldo de stock · 1 línea(s) histórica(s) lo nombran","SAFE_TO_MERGE"
"ea63e2ea-78f5-421e-ae37-86965e19566b","PRO09902","DUROFIX RV2052-WR18 Pistola 3 a 18 Nm 50 - 800rpm Transductor Digital","","active","64cd859d-12b8-4b74-8d5b-85805924da23","DU.RV2052-WR18","DUROFIX RV2052-WR18 - Herramienta de precisión","DUROFIX","active","referencia_en_el_nombre","RV2052WR18","RV2052-WR18","sin saldo registrado","sin saldo registrado","0","0","0","sin saldo registrado","sin saldo registrado","si","10","si","si","bajo","0.83","1:1; referencia_en_el_nombre; el canónico tiene mejor ficha (7 vs 1) y está activo · el duplicado no tiene saldo de stock · sin historia comercial","SAFE_TO_MERGE"
"682c4889-8f24-4e52-b4a8-f836d3e26adf","PRO10042","TOHNICHI SH8DX21 CABEZA 21MM","","active","a6253adf-d298-4e34-8001-a043cf135c4b","TC.SH8DX21","TOHNICHI SH8DX21 OPEN END HEAD","TOHNICHI","active","referencia_en_el_nombre","SH8DX21","TC.SH8DX21","sin saldo registrado","sin saldo registrado","0","0","0","sin saldo registrado","sin saldo registrado","no","0","no","no","bajo","0.78","1:1; referencia_en_el_nombre; el canónico tiene mejor ficha (3 vs 1) y está activo · el duplicado no tiene saldo de stock · sin historia comercial","SAFE_TO_MERGE"
"30a0f89b-0dce-4f7b-9dd3-0f3859e2307a","PRO10115","TORERO OBT-90PD PISTOLA DE 40 A 80 NM","","active","f5227987-aad7-4d58-9120-3a4954501a1f","TO.OBT-90PD","TORERO OBT-90PD DE 42 NM A 85 NM","TORERO","active","referencia_en_el_nombre","OBT90PD","OBT-90PD","sin saldo registrado","sin saldo registrado","1","1","1","sin saldo registrado","sin saldo registrado","si","8","si","no","bajo-con-historia","0.83","1:1; referencia_en_el_nombre; el canónico tiene mejor ficha (10 vs 1) y está activo · el duplicado no tiene saldo de stock · 3 línea(s) histórica(s) lo nombran","SAFE_TO_MERGE"
"822b1e89-63d8-47a4-9e4c-94d64c0f8723","PRO10941","DUROFIX DR001 I/O RECIIVER","","active","db6e7b08-3cb2-409f-9733-74a13641eb8a","DU.DR001","DUROFIX DR001 - Receptor / Controlador PLC","DUROFIX","active","referencia_en_el_nombre","DR001","DR001","sin saldo registrado","sin saldo registrado","0","0","0","sin saldo registrado","sin saldo registrado","si","5","si","si","bajo","0.83","1:1; referencia_en_el_nombre; el canónico tiene mejor ficha (6 vs 1) y está activo · el duplicado no tiene saldo de stock · sin historia comercial","SAFE_TO_MERGE"
"697bd302-3e50-46d9-8276-4f8b722b713a","PRO11361","APEX EX-255-3 Apex 1/4'' Square Drive Extension","","active","7786cf42-2d2c-4d5c-92be-bdeecc319a26","AP.EX-255-3","APEX EX-255-3 EXTENSION","APEX","active","referencia_en_el_nombre","EX2553","EX-255-3","sin saldo registrado","sin saldo registrado","0","0","0","sin saldo registrado","sin saldo registrado","si","2","si","si","bajo","0.83","1:1; referencia_en_el_nombre; el canónico tiene mejor ficha (9 vs 1) y está activo · el duplicado no tiene saldo de stock · sin historia comercial","SAFE_TO_MERGE"
"116cd5ca-fb29-465a-ad31-afff2e57c5b4","PRO11395","APEX 27MM15D","","active","4ecdf7f4-aa55-4272-ac73-f243b0ba8fda","AP.27MM15-D","APEX 27MM15-D EMBOCADURA","APEX","active","referencia_en_el_nombre","27MM15D","27MM15-D","sin saldo registrado","sin saldo registrado","0","0","0","sin saldo registrado","sin saldo registrado","si","3","no","no","bajo","0.83","1:1; referencia_en_el_nombre; el canónico tiene mejor ficha (7 vs 1) y está activo · el duplicado no tiene saldo de stock · sin historia comercial","SAFE_TO_MERGE"
"4d50013f-40f2-4304-aa99-facb79390db8","PRO11403","DUROFIX DR002 I/O BOX 1 A 10","","active","de1b2ec4-3831-44c4-ad23-de01d099026a","DU.DR002","DUROFIX DR002 - Receptor / Controlador PLC","DUROFIX","active","referencia_en_el_nombre","DR002","DR002","sin saldo registrado","sin saldo registrado","0","0","0","sin saldo registrado","sin saldo registrado","si","5","si","si","bajo","0.83","1:1; referencia_en_el_nombre; el canónico tiene mejor ficha (6 vs 1) y está activo · el duplicado no tiene saldo de stock · sin historia comercial","SAFE_TO_MERGE"
"14eb8c2d-17c2-4bc1-b853-69781be45e0f","PRO11816","APEX PHILLIPS 491-PZDX PZD1x50x1/4"" HEX.","","active","a164d443-8630-4ccf-86b4-73af72e27a24","AP.491-PZDX","APEX 491-PZDX PUNTA","APEX","active","referencia_en_el_nombre","491PZDX","491-PZDX","sin saldo registrado","sin saldo registrado","0","0","0","sin saldo registrado","sin saldo registrado","si","4","si","si","bajo","0.83","1:1; referencia_en_el_nombre; el canónico tiene mejor ficha (9 vs 1) y está activo · el duplicado no tiene saldo de stock · sin historia comercial","SAFE_TO_MERGE"
"6319c7d2-ee41-4075-902f-988fd14d9890","PRO12186","INGERSOLL RAND 47507874001 CHARGER, 12V/20V, EU","","active","48532224-5f25-4553-a558-65f7b68653a4","IR.47507874001","INGERSOLL RAND 47507874001 CHARGER, 12V/20V, EU","INGERSOLL RAND","active","referencia_en_el_nombre","47507874001","IR.47507874001","sin saldo registrado","sin saldo registrado","0","0","0","sin saldo registrado","sin saldo registrado","no","0","no","no","bajo","0.78","1:1; referencia_en_el_nombre; el canónico tiene mejor ficha (3 vs 1) y está activo · el duplicado no tiene saldo de stock · sin historia comercial","SAFE_TO_MERGE"
"03d4bdf4-23c3-424a-a8f7-937595b50a0f","PRO12190","INGERSOLL RAND 92073956 BALANCER BLD-1.","","active","1e602790-4081-43f5-86ca-8ad9d0632ba2","IR.92073956","INGERSOLL RAND 92073956 BALANCER BLD-1.","INGERSOLL RAND","active","referencia_en_el_nombre","92073956","IR.92073956","sin saldo registrado","sin saldo registrado","0","0","0","sin saldo registrado","sin saldo registrado","no","0","no","no","bajo","0.78","1:1; referencia_en_el_nombre; el canónico tiene mejor ficha (3 vs 1) y está activo · el duplicado no tiene saldo de stock · sin historia comercial","SAFE_TO_MERGE"
"b52747bf-ce5c-4f49-af8a-7d0d3df6af9e","PRO12191","INGERSOLL RAND 92073964 BALANCER BLD-2.","","active","f03e1483-7f25-45e4-8cac-c9bf2525f2ad","IR.92073964","INGERSOLL RAND 92073964 BALANCER BLD-2.","INGERSOLL RAND","active","referencia_en_el_nombre","92073964","IR.92073964","sin saldo registrado","sin saldo registrado","0","0","0","sin saldo registrado","sin saldo registrado","no","0","no","no","bajo","0.78","1:1; referencia_en_el_nombre; el canónico tiene mejor ficha (3 vs 1) y está activo · el duplicado no tiene saldo de stock · sin historia comercial","SAFE_TO_MERGE"
"5d943f05-454e-4c0e-9bbe-cb50bf729d85","PRO12192","INGERSOLL RAND 92073972 BALANCER BLD-3.","","active","d752b87d-07eb-4c1c-a9f0-49f6d66f8119","IR.92073972","INGERSOLL RAND 92073972 BALANCER BLD-3.","INGERSOLL RAND","active","referencia_en_el_nombre","92073972","IR.92073972","sin saldo registrado","sin saldo registrado","1","0","0","sin saldo registrado","sin saldo registrado","no","0","no","no","bajo-con-historia","0.78","1:1; referencia_en_el_nombre; el canónico tiene mejor ficha (3 vs 1) y está activo · el duplicado no tiene saldo de stock · 1 línea(s) histórica(s) lo nombran","SAFE_TO_MERGE"
"53ac71fe-5abb-4a16-88b8-39bb061ffecf","PRO12193","INGERSOLL RAND IQI-CABLE-2M IQI cable 2 meter","","active","66f7a4b7-0c49-4bbd-8300-6c0507ed35aa","IR.IQI-CABLE-2M","INGERSOLL RAND IQI-CABLE-2M IQI cable 2 meter","INGERSOLL RAND","active","referencia_en_el_nombre","IQICABLE2M","IR.IQI-CABLE-2M","sin saldo registrado","sin saldo registrado","0","0","0","sin saldo registrado","sin saldo registrado","no","0","no","no","bajo","0.78","1:1; referencia_en_el_nombre; el canónico tiene mejor ficha (3 vs 1) y está activo · el duplicado no tiene saldo de stock · sin historia comercial","SAFE_TO_MERGE"
"006a35cc-ff8a-4340-a2a3-8354e504215f","PRO12194","INGERSOLL RAND IQI-CABLE-5M IQI cable 5 meter","","active","13d62414-feff-41ee-97d0-2c60cea8c8d0","IR.IQI-CABLE-5M","INGERSOLL RAND IQI-CABLE-5M IQI cable 5 meter","INGERSOLL RAND","active","referencia_en_el_nombre","IQICABLE5M","IR.IQI-CABLE-5M","sin saldo registrado","sin saldo registrado","0","0","0","sin saldo registrado","sin saldo registrado","no","0","no","no","bajo","0.78","1:1; referencia_en_el_nombre; el canónico tiene mejor ficha (3 vs 1) y está activo · el duplicado no tiene saldo de stock · sin historia comercial","SAFE_TO_MERGE"
"ede3cdaa-c0e7-4dbb-aba7-e49d75f26956","PRO12195","INGERSOLL RAND IQI-PS-1 IQI 200W Power Adapter","","active","b192577b-2c14-4358-b652-850448f43436","IR.IQI-PS-1","INGERSOLL RAND IQI-PS-1 IQI 200W Power Adapter","INGERSOLL RAND","active","referencia_en_el_nombre","IQIPS1","IR.IQI-PS-1","sin saldo registrado","sin saldo registrado","0","0","0","sin saldo registrado","sin saldo registrado","no","0","no","no","bajo","0.78","1:1; referencia_en_el_nombre; el canónico tiene mejor ficha (3 vs 1) y está activo · el duplicado no tiene saldo de stock · sin historia comercial","SAFE_TO_MERGE"
"2b329abe-818a-464e-aa44-a18c14a40019","PRO12196","INGERSOLL RAND IQI-PS-2 IQI 400W Power","","active","f7118835-c5fa-40c5-8af7-80b1308df08a","IR.IQI-PS-2","INGERSOLL RAND IQI-PS-2 IQI 400W Power","INGERSOLL RAND","active","referencia_en_el_nombre","IQIPS2","IR.IQI-PS-2","sin saldo registrado","sin saldo registrado","0","0","0","sin saldo registrado","sin saldo registrado","no","0","no","no","bajo","0.78","1:1; referencia_en_el_nombre; el canónico tiene mejor ficha (3 vs 1) y está activo · el duplicado no tiene saldo de stock · sin historia comercial","SAFE_TO_MERGE"
"c01d1837-9403-41a0-8a22-8f2aeb14758c","PRO12197","INGERSOLL RAND IQI11-FM IQI series controller with fieldbus and MES","","active","698b904c-b8dc-4074-9150-585753b77f85","IR.IQI11-FM","INGERSOLL RAND IQI11-FM IQI series controller with fieldbus and MES","INGERSOLL RAND","active","referencia_en_el_nombre","IQI11FM","IR.IQI11-FM","sin saldo registrado","sin saldo registrado","0","0","0","sin saldo registrado","sin saldo registrado","no","0","no","no","bajo","0.78","1:1; referencia_en_el_nombre; el canónico tiene mejor ficha (3 vs 1) y está activo · el duplicado no tiene saldo de stock · sin historia comercial","SAFE_TO_MERGE"
"74c216de-1222-444f-8258-dff2c96779ac","PRO12198","INGERSOLL RAND IQI2LT0250PQ4 IQI Transducerized, Push to start -1/4"" Quick Change","","active","ba3d4b2b-8db8-4107-8c77-0dd16c7af049","IR.IQI2LT0250PQ4","INGERSOLL RAND IQI2LT0250PQ4 IQI Transducerized, Push to start -1/4"" Quick Change","INGERSOLL RAND","active","referencia_en_el_nombre","IQI2LT0250PQ4","IR.IQI2LT0250PQ4","sin saldo registrado","sin saldo registrado","0","0","0","sin saldo registrado","sin saldo registrado","no","0","no","no","bajo","0.78","1:1; referencia_en_el_nombre; el canónico tiene mejor ficha (3 vs 1) y está activo · el duplicado no tiene saldo de stock · sin historia comercial","SAFE_TO_MERGE"
"4bf920f2-eb7d-4bc1-aa6c-680223fe5659","PRO12199","INGERSOLL RAND MTC-SW-BS-1-EU MTC-SW-BS-1-EUMTC ACTIVATION, 1 TOOL ADD ON SOFTWARE PACKAGE","","active","b1571187-3f53-49cf-bfa8-533edfe25a6e","IR.MTC-SW-BS-1-EU","INGERSOLL RAND MTC-SW-BS-1-EU MTC-SW-BS-1-EUMTC ACTIVATION, 1 TOOL ADD ON SOFTWARE PACKAGE","INGERSOLL RAND","active","referencia_en_el_nombre","MTCSWBS1EU","IR.MTC-SW-BS-1-EU","sin saldo registrado","sin saldo registrado","0","0","0","sin saldo registrado","sin saldo registrado","no","0","no","no","bajo","0.78","1:1; referencia_en_el_nombre; el canónico tiene mejor ficha (3 vs 1) y está activo · el duplicado no tiene saldo de stock · sin historia comercial","SAFE_TO_MERGE"
"67fbb239-0b57-4874-a0a6-8d17203c8aec","PRO12200","INGERSOLL RAND MTC-SW-OPT4-EU SOFTWARE LICENSE PACKAGE 4 TOOLS","","active","f1f87071-2c4c-4bb7-88e9-f6435625d723","IR.MTC-SW-OPT4-EU","INGERSOLL RAND MTC-SW-OPT4-EU SOFTWARE LICENSE PACKAGE 4 TOOLS","INGERSOLL RAND","active","referencia_en_el_nombre","MTCSWOPT4EU","IR.MTC-SW-OPT4-EU","sin saldo registrado","sin saldo registrado","0","0","0","sin saldo registrado","sin saldo registrado","no","0","no","no","bajo","0.78","1:1; referencia_en_el_nombre; el canónico tiene mejor ficha (3 vs 1) y está activo · el duplicado no tiene saldo de stock · sin historia comercial","SAFE_TO_MERGE"
"1e27fdba-f6bb-4b3e-ad1b-c13d9bc44b9e","PRO12201","INGERSOLL RAND 01380294 QA1L08C4LD Q2 NUTRUNNER W/ E-CHIP","","active","6abc834f-f4ba-4b24-99e1-59a64cfffe25","IR.QA1L08C4LD","INGERSOLL RAND 01380294 QA1L08C4LD Q2 NUTRUNNER W/ E-CHIP","INGERSOLL RAND","active","referencia_en_el_nombre","QA1L08C4LD","IR.QA1L08C4LD","sin saldo registrado","sin saldo registrado","0","0","0","sin saldo registrado","sin saldo registrado","no","0","no","no","bajo","0.78","1:1; referencia_en_el_nombre; el canónico tiene mejor ficha (3 vs 1) y está activo · el duplicado no tiene saldo de stock · sin historia comercial","SAFE_TO_MERGE"
"77e4ca91-7f83-4c88-bcbb-ec8845e8e648","PRO12202","INGERSOLL RAND QCP2A30S6-K2-EU CORDLESS CLUTCH PROGRAMMABLE 30 NM ANGLE - 3/8"" SQUARE DR BAT KIT","","active","c0ad1112-17bd-4944-b149-7cac0ccf7553","IR.QCP2A30S6-K2-EU","INGERSOLL RAND QCP2A30S6-K2-EU CORDLESS CLUTCH PROGRAMMABLE 30 NM ANGLE - 3/8"" SQUARE DR BAT KIT","INGERSOLL RAND","active","referencia_en_el_nombre","QCP2A30S6K2EU","IR.QCP2A30S6-K2-EU","sin saldo registrado","sin saldo registrado","0","0","0","sin saldo registrado","sin saldo registrado","no","0","no","no","bajo","0.78","1:1; referencia_en_el_nombre; el canónico tiene mejor ficha (3 vs 1) y está activo · el duplicado no tiene saldo de stock · sin historia comercial","SAFE_TO_MERGE"
"f5cd77d8-b081-4a09-8890-a90fed7e5c4b","PRO12203","INGERSOLL RAND QCP2P02Q4-K2-EU CORDLESS CLUTCH PROGRAMMABLE 2 NM PISTOL - 1/4"" QUICK-CHANGE BAT KIT","","active","d83a55af-01a3-4e81-a348-92aebaafe108","IR.QCP2P02Q4-K2-EU","INGERSOLL RAND QCP2P02Q4-K2-EU CORDLESS CLUTCH PROGRAMMABLE 2 NM PISTOL - 1/4"" QUICK-CHANGE BAT KIT","INGERSOLL RAND","active","referencia_en_el_nombre","QCP2P02Q4K2EU","IR.QCP2P02Q4-K2-EU","sin saldo registrado","sin saldo registrado","0","0","0","sin saldo registrado","sin saldo registrado","no","0","no","no","bajo","0.78","1:1; referencia_en_el_nombre; el canónico tiene mejor ficha (3 vs 1) y está activo · el duplicado no tiene saldo de stock · sin historia comercial","SAFE_TO_MERGE"
"deb775c3-a44f-4716-b06e-b0edd177c18f","PRO12204","INGERSOLL RAND QCP2P04Q4-K2-EU CORDLESS CLUTCH PROGRAMMABLE 4 NM PISTOL - 1/4"" QUICK-CHANGE BAT KIT","","active","f2fa910d-836a-456a-a01b-a02980477893","IR.QCP2P04Q4-K2-EU","INGERSOLL RAND QCP2P04Q4-K2-EU CORDLESS CLUTCH PROGRAMMABLE 4 NM PISTOL - 1/4"" QUICK-CHANGE BAT KIT","INGERSOLL RAND","active","referencia_en_el_nombre","QCP2P04Q4K2EU","IR.QCP2P04Q4-K2-EU","sin saldo registrado","sin saldo registrado","0","0","0","sin saldo registrado","sin saldo registrado","no","0","no","no","bajo","0.78","1:1; referencia_en_el_nombre; el canónico tiene mejor ficha (3 vs 1) y está activo · el duplicado no tiene saldo de stock · sin historia comercial","SAFE_TO_MERGE"
"1419f7e0-2516-40a2-8e2b-28a19c6a893a","PRO12205","INGERSOLL RAND QCP2P12Q4-K2-EU CORDLESS CLUTCH PROGRAMMABLE 12 NM PISTOL - 1/4"" QUICK-CHANGE BAT KIT","","active","6c9fcdf5-ad88-427e-955b-f6654cc57920","IR.QCP2P12Q4-K2-EU","INGERSOLL RAND QCP2P12Q4-K2-EU CORDLESS CLUTCH PROGRAMMABLE 12 NM PISTOL - 1/4"" QUICK-CHANGE BAT KIT","INGERSOLL RAND","active","referencia_en_el_nombre","QCP2P12Q4K2EU","IR.QCP2P12Q4-K2-EU","sin saldo registrado","sin saldo registrado","0","0","0","2","2","no","0","no","no","bajo","0.78","1:1; referencia_en_el_nombre; el canónico tiene mejor ficha (3 vs 1) y está activo · el duplicado no tiene saldo de stock · sin historia comercial","SAFE_TO_MERGE"
"f9569d65-3ce2-4e4b-9cf9-c20bfc3ad8b7","PRO12209","INGERSOLL RAND QXXD2AT027ES06 QX, IEEE 802.15.4, DISPLAY, 20V ANGLE 27 NM ETS SQUARE 3/8 INCH","","active","da038d46-5225-44de-a764-b360daea6160","IR.QXXD2AT027ES06","INGERSOLL RAND QXXD2AT027ES06 QX, IEEE 802.15.4, DISPLAY, 20V ANGLE 27 NM ETS SQUARE 3/8 INCH","INGERSOLL RAND","active","referencia_en_el_nombre","QXXD2AT027ES06","IR.QXXD2AT027ES06","sin saldo registrado","sin saldo registrado","0","0","0","sin saldo registrado","sin saldo registrado","no","0","no","no","bajo","0.78","1:1; referencia_en_el_nombre; el canónico tiene mejor ficha (3 vs 1) y está activo · el duplicado no tiene saldo de stock · sin historia comercial","SAFE_TO_MERGE"
"275ed4ce-b394-48b1-9197-f4d18a28511e","PRO12211","INGERSOLL RAND RTS025PQ4  RTS 25Nm - 1/4"" Quick Change","","active","f1a00e6c-127c-4a85-8cd8-72ce6bc7c4cf","IR.RTS025PQ4","INGERSOLL RAND RTS025PQ4  RTS 25Nm - 1/4"" Quick Change","INGERSOLL RAND","active","referencia_en_el_nombre","RTS025PQ4","IR.RTS025PQ4","sin saldo registrado","sin saldo registrado","0","0","0","sin saldo registrado","sin saldo registrado","no","0","no","no","bajo","0.78","1:1; referencia_en_el_nombre; el canónico tiene mejor ficha (3 vs 1) y está activo · el duplicado no tiene saldo de stock · sin historia comercial","SAFE_TO_MERGE"
"87c35ac9-bb6e-4203-a2fa-5484a68e6eac","PRO12212","INGERSOLL RAND RTS060PS6  RTS 60Nm - 3/8"" Pin Retainer","","active","7c5fd3a8-1399-4c3d-9a8a-a488975a9b59","IR.RTS060PS6","INGERSOLL RAND RTS060PS6  RTS 60Nm - 3/8"" Pin Retainer","INGERSOLL RAND","active","referencia_en_el_nombre","RTS060PS6","IR.RTS060PS6","sin saldo registrado","sin saldo registrado","0","0","0","1","1","no","0","no","no","bajo","0.78","1:1; referencia_en_el_nombre; el canónico tiene mejor ficha (3 vs 1) y está activo · el duplicado no tiene saldo de stock · sin historia comercial","SAFE_TO_MERGE"
"cae9c345-a575-4a66-8af5-b116aaf4c871","PRO12593","APEX MF-37 3/8'' Square Drive Universal Adapter","","active","153d1450-8296-482a-8ba3-9cf2fc8053d8","AP.MF-37","APEX MF-37 ADAPTADOR","APEX","active","referencia_en_el_nombre","MF37","MF-37","sin saldo registrado","sin saldo registrado","1","0","0","sin saldo registrado","sin saldo registrado","si","2","si","si","bajo-con-historia","0.83","1:1; referencia_en_el_nombre; el canónico tiene mejor ficha (9 vs 1) y está activo · el duplicado no tiene saldo de stock · 1 línea(s) histórica(s) lo nombran","SAFE_TO_MERGE"